ID,Udalost_Od,Udalost_Do,Min_DST_v_udalosti
1,1963-01-28 21:30:00+00:00,1963-02-02 21:30:00+00:00,-75
2,1963-02-08 01:30:00+00:00,1963-02-12 09:30:00+00:00,-62
3,1963-06-05 01:30:00+00:00,1963-06-09 08:30:00+00:00,-78
4,1963-08-17 22:30:00+00:00,1963-08-22 11:30:00+00:00,-84
5,1963-09-12 07:30:00+00:00,1963-09-30 21:30:00+00:00,-236
6,1963-10-22 03:30:00+00:00,1963-10-27 05:30:00+00:00,-133
7,1963-10-27 17:30:00+00:00,1963-11-01 14:30:00+00:00,-173
8,1963-11-05 17:30:00+00:00,1963-11-10 01:30:00+00:00,-61
9,1963-11-22 19:30:00+00:00,1963-11-26 23:30:00+00:00,-55
10,1963-12-31 09:30:00+00:00,1964-01-04 22:30:00+00:00,-91
11,1964-02-19 00:30:00+00:00,1964-02-23 00:30:00+00:00,-53
12,1964-03-02 11:30:00+00:00,1964-03-06 17:30:00+00:00,-60
13,1964-03-30 18:30:00+00:00,1964-04-04 04:30:00+00:00,-87
14,1964-05-08 21:30:00+00:00,1964-05-13 06:30:00+00:00,-72
15,1964-06-08 05:30:00+00:00,1964-06-12 10:30:00+00:00,-91
16,1965-02-05 07:30:00+00:00,1965-02-09 13:30:00+00:00,-60
17,1965-03-02 03:30:00+00:00,1965-03-06 10:30:00+00:00,-72
18,1965-04-16 04:30:00+00:00,1965-04-21 22:30:00+00:00,-162
19,1965-06-14 11:30:00+00:00,1965-06-19 10:30:00+00:00,-84
20,1965-09-14 00:30:00+00:00,1965-09-18 02:30:00+00:00,-56
21,1965-09-25 22:30:00+00:00,1965-09-30 05:30:00+00:00,-61
22,1966-03-12 00:30:00+00:00,1966-03-16 15:30:00+00:00,-105
23,1966-03-21 15:30:00+00:00,1966-03-26 07:30:00+00:00,-98
24,1966-03-26 19:30:00+00:00,1966-03-31 03:30:00+00:00,-53
25,1966-05-24 11:30:00+00:00,1966-06-02 23:30:00+00:00,-118
26,1966-07-07 05:30:00+00:00,1966-07-11 13:30:00+00:00,-74
27,1966-08-28 01:30:00+00:00,1966-09-10 21:30:00+00:00,-189
28,1966-10-03 01:30:00+00:00,1966-10-07 11:30:00+00:00,-62
29,1966-10-14 14:30:00+00:00,1966-10-18 15:30:00+00:00,-58
30,1966-10-29 19:30:00+00:00,1966-11-02 20:30:00+00:00,-53
31,1966-12-12 15:30:00+00:00,1966-12-17 11:30:00+00:00,-94
32,1967-01-06 02:30:00+00:00,1967-01-11 07:30:00+00:00,-128
33,1967-01-11 22:30:00+00:00,1967-01-17 22:30:00+00:00,-160
34,1967-01-18 16:30:00+00:00,1967-01-22 19:30:00+00:00,-57
35,1967-02-05 20:30:00+00:00,1967-02-10 16:30:00+00:00,-120
36,1967-02-14 10:30:00+00:00,1967-02-19 21:30:00+00:00,-130
37,1967-02-21 16:30:00+00:00,1967-02-25 21:30:00+00:00,-71
38,1967-05-01 00:30:00+00:00,1967-05-06 20:30:00+00:00,-123
39,1967-05-23 18:30:00+00:00,1967-06-10 16:30:00+00:00,-387
40,1967-06-23 22:30:00+00:00,1967-06-29 05:30:00+00:00,-78
41,1967-07-21 22:30:00+00:00,1967-07-25 22:30:00+00:00,-51
42,1967-07-28 06:30:00+00:00,1967-08-01 07:30:00+00:00,-58
43,1967-09-11 17:30:00+00:00,1967-09-15 18:30:00+00:00,-56
44,1967-09-18 11:30:00+00:00,1967-09-24 06:30:00+00:00,-110
45,1967-09-26 06:30:00+00:00,1967-10-02 14:30:00+00:00,-99
46,1967-10-08 00:30:00+00:00,1967-10-12 06:30:00+00:00,-77
47,1967-11-29 20:30:00+00:00,1967-12-04 07:30:00+00:00,-59
48,1967-12-15 10:30:00+00:00,1967-12-22 09:30:00+00:00,-64
49,1967-12-29 07:30:00+00:00,1968-01-05 12:30:00+00:00,-109
50,1968-02-02 10:30:00+00:00,1968-02-06 13:30:00+00:00,-64
51,1968-02-08 20:30:00+00:00,1968-02-22 19:30:00+00:00,-124
52,1968-02-26 15:30:00+00:00,1968-03-07 13:30:00+00:00,-82
53,1968-03-28 18:30:00+00:00,1968-04-03 09:30:00+00:00,-61
54,1968-04-03 20:30:00+00:00,1968-04-08 19:30:00+00:00,-112
55,1968-05-05 07:30:00+00:00,1968-05-11 21:30:00+00:00,-79
56,1968-06-09 02:30:00+00:00,1968-06-16 22:30:00+00:00,-88
57,1968-07-12 01:30:00+00:00,1968-07-16 05:30:00+00:00,-58
58,1968-09-05 23:30:00+00:00,1968-09-10 21:30:00+00:00,-94
59,1968-09-11 05:30:00+00:00,1968-09-15 05:30:00+00:00,-52
60,1968-09-30 05:30:00+00:00,1968-10-05 09:30:00+00:00,-59
61,1968-10-10 05:30:00+00:00,1968-10-15 02:30:00+00:00,-78
62,1968-10-27 21:30:00+00:00,1968-11-09 12:30:00+00:00,-224
63,1968-11-15 17:30:00+00:00,1968-11-22 18:30:00+00:00,-83
64,1969-01-23 07:30:00+00:00,1969-01-27 08:30:00+00:00,-56
65,1969-01-31 19:30:00+00:00,1969-02-06 03:30:00+00:00,-186
66,1969-02-09 05:30:00+00:00,1969-02-15 08:30:00+00:00,-136
67,1969-02-25 17:30:00+00:00,1969-03-02 01:30:00+00:00,-66
68,1969-03-09 22:30:00+00:00,1969-03-14 17:30:00+00:00,-70
69,1969-03-15 18:30:00+00:00,1969-03-28 05:30:00+00:00,-228
70,1969-03-31 22:30:00+00:00,1969-04-09 06:30:00+00:00,-76
71,1969-04-11 19:30:00+00:00,1969-04-16 02:30:00+00:00,-64
72,1969-04-26 08:30:00+00:00,1969-05-02 04:30:00+00:00,-99
73,1969-05-11 16:30:00+00:00,1969-05-19 14:30:00+00:00,-121
74,1969-07-25 01:30:00+00:00,1969-07-29 16:30:00+00:00,-76
75,1969-09-03 23:30:00+00:00,1969-09-10 09:30:00+00:00,-56
76,1969-09-13 01:30:00+00:00,1969-09-17 01:30:00+00:00,-56
77,1969-09-27 20:30:00+00:00,1969-10-05 00:30:00+00:00,-116
78,1970-01-14 20:30:00+00:00,1970-01-19 03:30:00+00:00,-51
79,1970-02-27 09:30:00+00:00,1970-03-03 15:30:00+00:00,-60
80,1970-03-04 21:30:00+00:00,1970-03-14 08:30:00+00:00,-284
81,1970-03-26 15:30:00+00:00,1970-04-03 05:30:00+00:00,-66
82,1970-04-14 23:30:00+00:00,1970-04-25 23:30:00+00:00,-141
83,1970-05-26 11:30:00+00:00,1970-05-31 08:30:00+00:00,-87
84,1970-06-18 06:30:00+00:00,1970-06-23 09:30:00+00:00,-66
85,1970-06-25 13:30:00+00:00,1970-06-29 13:30:00+00:00,-53
86,1970-07-02 00:30:00+00:00,1970-07-06 00:30:00+00:00,-56
87,1970-07-07 10:30:00+00:00,1970-07-12 04:30:00+00:00,-91
88,1970-07-23 06:30:00+00:00,1970-07-31 19:30:00+00:00,-108
89,1970-08-06 09:30:00+00:00,1970-08-11 02:30:00+00:00,-61
90,1970-08-15 03:30:00+00:00,1970-08-21 07:30:00+00:00,-181
91,1970-08-24 11:30:00+00:00,1970-08-28 11:30:00+00:00,-52
92,1970-08-29 19:30:00+00:00,1970-09-02 19:30:00+00:00,-53
93,1970-10-09 07:30:00+00:00,1970-10-14 09:30:00+00:00,-60
94,1970-10-14 16:30:00+00:00,1970-10-26 05:30:00+00:00,-119
95,1970-11-05 05:30:00+00:00,1970-11-10 08:30:00+00:00,-108
96,1970-11-16 23:30:00+00:00,1970-11-25 17:30:00+00:00,-110
97,1970-12-12 06:30:00+00:00,1970-12-18 02:30:00+00:00,-153
98,1970-12-26 20:30:00+00:00,1970-12-30 23:30:00+00:00,-57
99,1971-01-25 14:30:00+00:00,1971-01-31 10:30:00+00:00,-97
100,1971-02-12 22:30:00+00:00,1971-02-18 07:30:00+00:00,-63
101,1971-02-21 21:30:00+00:00,1971-02-28 09:30:00+00:00,-83
102,1971-03-10 20:30:00+00:00,1971-03-16 10:30:00+00:00,-63
103,1971-03-17 23:30:00+00:00,1971-03-22 05:30:00+00:00,-58
104,1971-04-07 09:30:00+00:00,1971-04-19 05:30:00+00:00,-143
105,1971-04-19 19:30:00+00:00,1971-04-24 07:30:00+00:00,-92
106,1971-04-30 06:30:00+00:00,1971-05-04 07:30:00+00:00,-59
107,1971-05-05 05:30:00+00:00,1971-05-09 08:30:00+00:00,-58
108,1971-05-15 11:30:00+00:00,1971-05-20 21:30:00+00:00,-78
109,1971-06-23 11:30:00+00:00,1971-07-01 21:30:00+00:00,-64
110,1971-07-19 18:30:00+00:00,1971-07-24 00:30:00+00:00,-65
111,1971-09-16 03:30:00+00:00,1971-09-20 13:30:00+00:00,-76
112,1971-09-23 11:30:00+00:00,1971-09-29 12:30:00+00:00,-77
113,1971-10-05 22:30:00+00:00,1971-10-11 06:30:00+00:00,-55
114,1971-11-20 23:30:00+00:00,1971-11-27 22:30:00+00:00,-70
115,1971-12-15 08:30:00+00:00,1971-12-22 06:30:00+00:00,-171
116,1972-01-13 17:30:00+00:00,1972-01-18 17:30:00+00:00,-70
117,1972-01-19 13:30:00+00:00,1972-01-30 19:30:00+00:00,-79
118,1972-02-15 19:30:00+00:00,1972-02-21 02:30:00+00:00,-61
119,1972-02-22 11:30:00+00:00,1972-02-27 07:30:00+00:00,-86
120,1972-03-05 05:30:00+00:00,1972-03-09 07:30:00+00:00,-72
121,1972-03-14 04:30:00+00:00,1972-03-18 04:30:00+00:00,-54
122,1972-03-28 06:30:00+00:00,1972-04-01 08:30:00+00:00,-61
123,1972-04-26 10:30:00+00:00,1972-05-02 00:30:00+00:00,-74
124,1972-05-14 00:30:00+00:00,1972-05-18 07:30:00+00:00,-79
125,1972-06-15 23:30:00+00:00,1972-06-22 07:30:00+00:00,-190
126,1972-07-22 23:30:00+00:00,1972-07-27 07:30:00+00:00,-62
127,1972-08-02 05:30:00+00:00,1972-08-14 04:30:00+00:00,-154
128,1972-08-25 06:30:00+00:00,1972-08-29 15:30:00+00:00,-82
129,1972-09-11 19:30:00+00:00,1972-09-19 06:30:00+00:00,-146
130,1972-09-27 05:30:00+00:00,1972-10-02 06:30:00+00:00,-56
131,1972-10-09 06:30:00+00:00,1972-10-15 02:30:00+00:00,-58
132,1972-10-17 02:30:00+00:00,1972-10-21 18:30:00+00:00,-74
133,1972-10-28 09:30:00+00:00,1972-11-05 13:30:00+00:00,-199
134,1972-12-11 22:30:00+00:00,1972-12-18 07:30:00+00:00,-58
135,1973-01-18 03:30:00+00:00,1973-01-23 09:30:00+00:00,-72
136,1973-02-19 18:30:00+00:00,1973-03-04 21:30:00+00:00,-121
137,1973-03-17 10:30:00+00:00,1973-04-07 07:30:00+00:00,-211
138,1973-04-09 06:30:00+00:00,1973-05-01 15:30:00+00:00,-134
139,1973-05-12 01:30:00+00:00,1973-05-16 22:30:00+00:00,-97
140,1973-05-19 07:30:00+00:00,1973-05-24 08:30:00+00:00,-100
141,1973-06-08 22:30:00+00:00,1973-06-13 02:30:00+00:00,-58
142,1973-09-07 20:30:00+00:00,1973-09-11 23:30:00+00:00,-79
143,1973-09-21 13:30:00+00:00,1973-09-28 16:30:00+00:00,-88
144,1973-10-01 04:30:00+00:00,1973-10-05 09:30:00+00:00,-72
145,1973-10-27 10:30:00+00:00,1973-11-02 08:30:00+00:00,-64
146,1973-11-19 19:30:00+00:00,1973-11-27 02:30:00+00:00,-63
147,1973-12-02 22:30:00+00:00,1973-12-06 23:30:00+00:00,-67
148,1974-01-23 19:30:00+00:00,1974-01-27 23:30:00+00:00,-66
149,1974-03-14 16:30:00+00:00,1974-03-24 09:30:00+00:00,-87
150,1974-04-02 15:30:00+00:00,1974-04-06 15:30:00+00:00,-51
151,1974-04-16 05:30:00+00:00,1974-04-21 21:30:00+00:00,-85
152,1974-07-03 02:30:00+00:00,1974-07-11 06:30:00+00:00,-204
153,1974-07-21 10:30:00+00:00,1974-07-26 10:30:00+00:00,-73
154,1974-07-31 21:30:00+00:00,1974-08-06 00:30:00+00:00,-61
155,1974-09-13 15:30:00+00:00,1974-09-23 23:30:00+00:00,-159
156,1974-09-24 06:30:00+00:00,1974-09-28 06:30:00+00:00,-54
157,1974-10-07 06:30:00+00:00,1974-10-26 07:30:00+00:00,-120
158,1974-11-06 21:30:00+00:00,1974-11-16 17:30:00+00:00,-78
159,1974-12-07 17:30:00+00:00,1974-12-11 21:30:00+00:00,-58
160,1975-01-05 03:30:00+00:00,1975-01-09 06:30:00+00:00,-59
161,1975-03-08 02:30:00+00:00,1975-03-14 22:30:00+00:00,-90
162,1975-03-25 17:30:00+00:00,1975-03-29 23:30:00+00:00,-69
163,1975-04-07 06:30:00+00:00,1975-04-15 01:30:00+00:00,-55
164,1975-04-18 20:30:00+00:00,1975-04-22 22:30:00+00:00,-70
165,1975-07-06 03:30:00+00:00,1975-07-10 07:30:00+00:00,-60
166,1975-07-23 07:30:00+00:00,1975-07-27 14:30:00+00:00,-56
167,1975-10-08 05:30:00+00:00,1975-10-12 05:30:00+00:00,-51
168,1975-10-29 08:30:00+00:00,1975-11-06 08:30:00+00:00,-74
169,1975-11-07 15:30:00+00:00,1975-11-12 01:30:00+00:00,-110
170,1975-11-15 14:30:00+00:00,1975-11-20 00:30:00+00:00,-89
171,1975-11-20 15:30:00+00:00,1975-11-25 02:30:00+00:00,-97
172,1975-12-25 22:30:00+00:00,1975-12-29 22:30:00+00:00,-52
173,1976-01-08 16:30:00+00:00,1976-01-14 09:30:00+00:00,-156
174,1976-02-05 22:30:00+00:00,1976-02-09 22:30:00+00:00,-51
175,1976-02-27 04:30:00+00:00,1976-03-02 06:30:00+00:00,-65
176,1976-03-06 02:30:00+00:00,1976-03-10 05:30:00+00:00,-59
177,1976-03-24 05:30:00+00:00,1976-04-09 22:30:00+00:00,-226
178,1976-05-01 00:30:00+00:00,1976-05-06 22:30:00+00:00,-107
179,1976-06-09 08:30:00+00:00,1976-06-13 09:30:00+00:00,-57
180,1976-09-16 08:30:00+00:00,1976-09-22 19:30:00+00:00,-67
181,1976-10-14 03:30:00+00:00,1976-10-20 04:30:00+00:00,-51
182,1976-10-29 06:30:00+00:00,1976-11-02 16:30:00+00:00,-57
183,1976-12-06 10:30:00+00:00,1976-12-10 13:30:00+00:00,-67
184,1976-12-27 03:30:00+00:00,1977-01-01 22:30:00+00:00,-98
185,1977-01-28 07:30:00+00:00,1977-02-02 09:30:00+00:00,-95
186,1977-04-04 18:30:00+00:00,1977-04-11 01:30:00+00:00,-105
187,1977-04-17 05:30:00+00:00,1977-04-22 23:30:00+00:00,-91
188,1977-04-30 14:30:00+00:00,1977-05-05 08:30:00+00:00,-98
189,1977-05-10 06:30:00+00:00,1977-05-14 16:30:00+00:00,-59
190,1977-07-27 05:30:00+00:00,1977-08-01 09:30:00+00:00,-94
191,1977-08-03 08:30:00+00:00,1977-08-07 09:30:00+00:00,-61
192,1977-09-11 19:30:00+00:00,1977-09-15 21:30:00+00:00,-58
193,1977-09-17 20:30:00+00:00,1977-09-29 12:30:00+00:00,-92
194,1977-10-10 05:30:00+00:00,1977-10-14 12:30:00+00:00,-71
195,1977-10-16 20:30:00+00:00,1977-10-24 15:30:00+00:00,-96
196,1977-10-25 10:30:00+00:00,1977-10-31 04:30:00+00:00,-159
197,1977-11-12 08:30:00+00:00,1977-11-17 05:30:00+00:00,-65
198,1977-11-23 21:30:00+00:00,1977-11-28 11:30:00+00:00,-87
199,1977-11-30 03:30:00+00:00,1977-12-07 08:30:00+00:00,-124
200,1977-12-09 06:30:00+00:00,1977-12-14 12:30:00+00:00,-112
201,1977-12-15 00:30:00+00:00,1977-12-19 06:30:00+00:00,-67
202,1978-01-02 04:30:00+00:00,1978-01-12 02:30:00+00:00,-121
203,1978-01-14 16:30:00+00:00,1978-01-18 23:30:00+00:00,-55
204,1978-01-27 14:30:00+00:00,1978-02-02 22:30:00+00:00,-88
205,1978-02-07 11:30:00+00:00,1978-02-11 12:30:00+00:00,-54
206,1978-02-13 09:30:00+00:00,1978-02-19 04:30:00+00:00,-108
207,1978-02-19 20:30:00+00:00,1978-02-24 06:30:00+00:00,-64
208,1978-02-24 19:30:00+00:00,1978-03-04 04:30:00+00:00,-74
209,1978-03-06 20:30:00+00:00,1978-03-11 11:30:00+00:00,-99
210,1978-03-24 18:30:00+00:00,1978-04-07 09:30:00+00:00,-109
211,1978-04-08 23:30:00+00:00,1978-04-17 15:30:00+00:00,-114
212,1978-04-18 00:30:00+00:00,1978-04-26 16:30:00+00:00,-68
213,1978-04-28 16:30:00+00:00,1978-05-14 07:30:00+00:00,-152
214,1978-05-19 21:30:00+00:00,1978-05-25 08:30:00+00:00,-68
215,1978-05-28 04:30:00+00:00,1978-06-01 06:30:00+00:00,-58
216,1978-06-02 23:30:00+00:00,1978-06-07 11:30:00+00:00,-71
217,1978-06-24 11:30:00+00:00,1978-07-07 21:30:00+00:00,-99
218,1978-07-12 15:30:00+00:00,1978-07-16 16:30:00+00:00,-54
219,1978-08-26 02:30:00+00:00,1978-09-11 18:30:00+00:00,-226
220,1978-09-23 12:30:00+00:00,1978-10-06 11:30:00+00:00,-224
221,1978-10-16 05:30:00+00:00,1978-10-21 09:30:00+00:00,-69
222,1978-10-25 00:30:00+00:00,1978-11-04 12:30:00+00:00,-103
223,1978-11-08 21:30:00+00:00,1978-11-17 07:30:00+00:00,-93
224,1978-11-22 21:30:00+00:00,1978-11-29 19:30:00+00:00,-149
225,1978-12-12 07:30:00+00:00,1978-12-21 11:30:00+00:00,-78
226,1978-12-23 15:30:00+00:00,1979-01-10 13:30:00+00:00,-100
227,1979-01-21 15:30:00+00:00,1979-01-29 10:30:00+00:00,-88
228,1979-02-02 22:30:00+00:00,1979-02-07 01:30:00+00:00,-55
229,1979-02-10 03:30:00+00:00,1979-02-14 09:30:00+00:00,-66
230,1979-02-19 07:30:00+00:00,1979-03-13 20:30:00+00:00,-140
231,1979-03-20 15:30:00+00:00,1979-04-07 01:30:00+00:00,-202
232,1979-04-14 04:30:00+00:00,1979-04-18 04:30:00+00:00,-55
233,1979-04-19 22:30:00+00:00,1979-05-04 03:30:00+00:00,-149
234,1979-05-20 00:30:00+00:00,1979-05-27 19:30:00+00:00,-74
235,1979-07-24 23:30:00+00:00,1979-07-29 04:30:00+00:00,-89
236,1979-08-11 13:30:00+00:00,1979-08-16 04:30:00+00:00,-71
237,1979-08-17 02:30:00+00:00,1979-08-23 05:30:00+00:00,-60
238,1979-08-27 09:30:00+00:00,1979-09-01 14:30:00+00:00,-140
239,1979-09-16 01:30:00+00:00,1979-09-27 17:30:00+00:00,-158
240,1979-10-05 06:30:00+00:00,1979-10-11 12:30:00+00:00,-79
241,1979-11-11 04:30:00+00:00,1979-11-16 17:30:00+00:00,-92
242,1979-11-23 01:30:00+00:00,1979-11-27 04:30:00+00:00,-61
243,1979-12-30 17:30:00+00:00,1980-01-04 13:30:00+00:00,-100
244,1980-01-11 17:30:00+00:00,1980-01-16 00:30:00+00:00,-65
245,1980-01-25 19:30:00+00:00,1980-01-31 21:30:00+00:00,-69
246,1980-02-04 15:30:00+00:00,1980-02-09 11:30:00+00:00,-83
247,1980-02-13 21:30:00+00:00,1980-02-20 10:30:00+00:00,-132
248,1980-03-19 11:30:00+00:00,1980-03-23 11:30:00+00:00,-52
249,1980-03-24 03:30:00+00:00,1980-03-28 14:30:00+00:00,-73
250,1980-04-07 11:30:00+00:00,1980-04-15 07:30:00+00:00,-87
251,1980-05-09 22:30:00+00:00,1980-05-14 06:30:00+00:00,-62
252,1980-05-23 08:30:00+00:00,1980-05-28 07:30:00+00:00,-126
253,1980-05-30 10:30:00+00:00,1980-06-03 21:30:00+00:00,-58
254,1980-06-09 11:30:00+00:00,1980-06-15 22:30:00+00:00,-75
255,1980-06-24 20:30:00+00:00,1980-06-28 20:30:00+00:00,-52
256,1980-07-16 21:30:00+00:00,1980-07-21 18:30:00+00:00,-80
257,1980-07-23 21:30:00+00:00,1980-07-28 04:30:00+00:00,-88
258,1980-08-25 11:30:00+00:00,1980-08-29 12:30:00+00:00,-59
259,1980-09-03 21:30:00+00:00,1980-09-07 21:30:00+00:00,-52
260,1980-09-11 00:30:00+00:00,1980-09-15 11:30:00+00:00,-58
261,1980-10-02 14:30:00+00:00,1980-10-07 20:30:00+00:00,-79
262,1980-10-08 23:30:00+00:00,1980-10-17 09:30:00+00:00,-104
263,1980-10-21 00:30:00+00:00,1980-10-26 11:30:00+00:00,-85
264,1980-10-29 16:30:00+00:00,1980-11-03 10:30:00+00:00,-58
265,1980-11-13 10:30:00+00:00,1980-11-18 16:30:00+00:00,-53
266,1980-11-26 06:30:00+00:00,1980-12-03 03:30:00+00:00,-64
267,1980-12-17 14:30:00+00:00,1980-12-23 16:30:00+00:00,-240
268,1980-12-30 11:30:00+00:00,1981-01-03 11:30:00+00:00,-51
269,1981-02-03 10:30:00+00:00,1981-02-11 13:30:00+00:00,-131
270,1981-02-22 22:30:00+00:00,1981-03-10 14:30:00+00:00,-215
271,1981-03-12 10:30:00+00:00,1981-03-20 16:30:00+00:00,-90
272,1981-03-23 14:30:00+00:00,1981-04-03 17:30:00+00:00,-70
273,1981-04-10 01:30:00+00:00,1981-05-01 18:30:00+00:00,-311
274,1981-05-07 04:30:00+00:00,1981-05-28 05:30:00+00:00,-137
275,1981-06-05 21:30:00+00:00,1981-06-10 02:30:00+00:00,-67
276,1981-06-27 08:30:00+00:00,1981-07-03 01:30:00+00:00,-74
277,1981-07-15 20:30:00+00:00,1981-07-20 04:30:00+00:00,-67
278,1981-07-21 12:30:00+00:00,1981-08-09 20:30:00+00:00,-226
279,1981-08-19 20:30:00+00:00,1981-08-26 21:30:00+00:00,-101
280,1981-08-27 10:30:00+00:00,1981-09-04 16:30:00+00:00,-63
281,1981-09-09 08:30:00+00:00,1981-09-13 17:30:00+00:00,-64
282,1981-09-17 07:30:00+00:00,1981-09-21 18:30:00+00:00,-65
283,1981-09-24 11:30:00+00:00,1981-09-29 18:30:00+00:00,-84
284,1981-10-05 18:30:00+00:00,1981-10-17 21:30:00+00:00,-133
285,1981-10-18 06:30:00+00:00,1981-10-27 13:30:00+00:00,-192
286,1981-11-05 04:30:00+00:00,1981-11-26 12:30:00+00:00,-124
287,1981-12-11 06:30:00+00:00,1981-12-15 07:30:00+00:00,-57
288,1981-12-27 09:30:00+00:00,1982-01-02 10:30:00+00:00,-82
289,1982-01-29 15:30:00+00:00,1982-03-07 05:30:00+00:00,-211
290,1982-03-08 04:30:00+00:00,1982-03-12 07:30:00+00:00,-53
291,1982-03-20 08:30:00+00:00,1982-03-24 08:30:00+00:00,-55
292,1982-03-31 01:30:00+00:00,1982-04-07 02:30:00+00:00,-89
293,1982-04-08 11:30:00+00:00,1982-04-14 13:30:00+00:00,-137
294,1982-04-15 09:30:00+00:00,1982-04-19 13:30:00+00:00,-60
295,1982-04-23 09:30:00+00:00,1982-05-05 20:30:00+00:00,-78
296,1982-05-25 22:30:00+00:00,1982-05-30 06:30:00+00:00,-59
297,1982-06-08 05:30:00+00:00,1982-06-15 23:30:00+00:00,-66
298,1982-06-21 04:30:00+00:00,1982-06-25 09:30:00+00:00,-64
299,1982-06-28 06:30:00+00:00,1982-07-02 09:30:00+00:00,-54
300,1982-07-10 18:30:00+00:00,1982-08-14 20:30:00+00:00,-325
301,1982-08-27 11:30:00+00:00,1982-08-31 11:30:00+00:00,-51
302,1982-09-02 15:30:00+00:00,1982-09-15 06:30:00+00:00,-289
303,1982-09-16 20:30:00+00:00,1982-10-09 18:30:00+00:00,-210
304,1982-10-11 16:30:00+00:00,1982-10-16 21:30:00+00:00,-91
305,1982-10-27 06:30:00+00:00,1982-11-05 17:30:00+00:00,-73
306,1982-11-19 20:30:00+00:00,1982-12-02 06:30:00+00:00,-197
307,1982-12-03 01:30:00+00:00,1982-12-13 20:30:00+00:00,-78
308,1982-12-15 03:30:00+00:00,1982-12-25 17:30:00+00:00,-106
309,1983-01-08 01:30:00+00:00,1983-01-13 02:30:00+00:00,-213
310,1983-01-14 11:30:00+00:00,1983-01-18 11:30:00+00:00,-51
311,1983-02-02 18:30:00+00:00,1983-02-17 14:30:00+00:00,-183
312,1983-02-18 19:30:00+00:00,1983-02-24 01:30:00+00:00,-86
313,1983-02-28 00:30:00+00:00,1983-03-08 07:30:00+00:00,-167
314,1983-03-09 23:30:00+00:00,1983-03-16 13:30:00+00:00,-132
315,1983-03-23 06:30:00+00:00,1983-04-02 11:30:00+00:00,-103
316,1983-04-13 12:30:00+00:00,1983-04-17 12:30:00+00:00,-55
317,1983-04-22 12:30:00+00:00,1983-05-02 02:30:00+00:00,-86
318,1983-05-02 14:30:00+00:00,1983-05-06 15:30:00+00:00,-53
319,1983-05-09 17:30:00+00:00,1983-05-27 17:30:00+00:00,-84
320,1983-06-08 14:30:00+00:00,1983-06-16 01:30:00+00:00,-127
321,1983-07-22 00:30:00+00:00,1983-07-26 09:30:00+00:00,-74
322,1983-08-06 01:30:00+00:00,1983-08-11 02:30:00+00:00,-149
323,1983-08-21 05:30:00+00:00,1983-08-25 05:30:00+00:00,-52
324,1983-09-13 20:30:00+00:00,1983-09-22 03:30:00+00:00,-60
325,1983-10-02 15:30:00+00:00,1983-10-06 20:30:00+00:00,-71
326,1983-10-15 12:30:00+00:00,1983-10-20 21:30:00+00:00,-67
327,1983-10-31 09:30:00+00:00,1983-11-04 09:30:00+00:00,-53
328,1983-11-08 00:30:00+00:00,1983-11-16 16:30:00+00:00,-82
329,1983-12-08 16:30:00+00:00,1983-12-16 23:30:00+00:00,-61
330,1983-12-30 08:30:00+00:00,1984-01-06 09:30:00+00:00,-68
331,1984-02-01 23:30:00+00:00,1984-02-07 11:30:00+00:00,-87
332,1984-02-08 21:30:00+00:00,1984-02-17 05:30:00+00:00,-65
333,1984-02-28 21:30:00+00:00,1984-03-08 10:30:00+00:00,-90
334,1984-03-21 11:30:00+00:00,1984-03-25 11:30:00+00:00,-53
335,1984-03-26 17:30:00+00:00,1984-04-11 07:30:00+00:00,-120
336,1984-04-23 17:30:00+00:00,1984-05-07 20:30:00+00:00,-93
337,1984-05-17 06:30:00+00:00,1984-05-23 13:30:00+00:00,-77
338,1984-06-22 00:30:00+00:00,1984-06-26 03:30:00+00:00,-58
339,1984-07-11 11:30:00+00:00,1984-07-16 06:30:00+00:00,-88
340,1984-07-30 04:30:00+00:00,1984-08-03 22:30:00+00:00,-112
341,1984-08-25 23:30:00+00:00,1984-08-30 00:30:00+00:00,-60
342,1984-09-02 15:30:00+00:00,1984-09-08 00:30:00+00:00,-125
343,1984-09-17 11:30:00+00:00,1984-09-28 17:30:00+00:00,-75
344,1984-10-05 02:30:00+00:00,1984-10-09 13:30:00+00:00,-65
345,1984-10-16 15:30:00+00:00,1984-10-25 08:30:00+00:00,-86
346,1984-10-30 10:30:00+00:00,1984-11-03 10:30:00+00:00,-58
347,1984-11-13 10:30:00+00:00,1984-11-20 08:30:00+00:00,-141
348,1984-11-28 06:30:00+00:00,1984-12-02 13:30:00+00:00,-63
349,1984-12-24 11:30:00+00:00,1984-12-28 12:30:00+00:00,-54
350,1984-12-30 20:30:00+00:00,1985-01-03 20:30:00+00:00,-53
351,1985-01-07 08:30:00+00:00,1985-01-11 08:30:00+00:00,-52
352,1985-01-26 12:30:00+00:00,1985-01-31 21:30:00+00:00,-125
353,1985-02-04 08:30:00+00:00,1985-02-08 18:30:00+00:00,-61
354,1985-02-26 01:30:00+00:00,1985-03-03 05:30:00+00:00,-84
355,1985-03-03 18:30:00+00:00,1985-03-07 19:30:00+00:00,-56
356,1985-04-07 15:30:00+00:00,1985-04-11 16:30:00+00:00,-62
357,1985-04-17 20:30:00+00:00,1985-04-24 13:30:00+00:00,-158
358,1985-04-25 05:30:00+00:00,1985-05-04 15:30:00+00:00,-98
359,1985-06-08 01:30:00+00:00,1985-06-12 09:30:00+00:00,-77
360,1985-07-10 09:30:00+00:00,1985-07-14 19:30:00+00:00,-65
361,1985-07-29 16:30:00+00:00,1985-08-03 00:30:00+00:00,-58
362,1985-08-11 05:30:00+00:00,1985-08-15 05:30:00+00:00,-51
363,1985-08-29 08:30:00+00:00,1985-09-02 18:30:00+00:00,-65
364,1985-09-17 11:30:00+00:00,1985-09-21 17:30:00+00:00,-60
365,1985-10-03 04:30:00+00:00,1985-10-08 23:30:00+00:00,-86
366,1985-10-31 20:30:00+00:00,1985-11-05 03:30:00+00:00,-52
367,1985-11-27 19:30:00+00:00,1985-12-06 19:30:00+00:00,-147
368,1985-12-08 14:30:00+00:00,1985-12-15 17:30:00+00:00,-82
369,1985-12-17 06:30:00+00:00,1985-12-22 13:30:00+00:00,-87
370,1985-12-26 10:30:00+00:00,1986-01-01 22:30:00+00:00,-63
371,1986-01-04 21:30:00+00:00,1986-01-09 07:30:00+00:00,-79
372,1986-01-19 16:30:00+00:00,1986-01-23 22:30:00+00:00,-76
373,1986-02-05 12:30:00+00:00,1986-03-02 21:30:00+00:00,-307
374,1986-03-04 14:30:00+00:00,1986-03-10 06:30:00+00:00,-84
375,1986-03-11 16:30:00+00:00,1986-03-15 17:30:00+00:00,-56
376,1986-04-08 08:30:00+00:00,1986-04-12 08:30:00+00:00,-51
377,1986-04-30 17:30:00+00:00,1986-05-09 17:30:00+00:00,-94
378,1986-06-25 23:30:00+00:00,1986-06-30 03:30:00+00:00,-60
379,1986-09-10 03:30:00+00:00,1986-09-17 21:30:00+00:00,-170
380,1986-09-18 23:30:00+00:00,1986-09-25 17:30:00+00:00,-60
381,1986-10-11 20:30:00+00:00,1986-10-16 11:30:00+00:00,-101
382,1986-10-25 15:30:00+00:00,1986-10-29 18:30:00+00:00,-65
383,1986-11-02 04:30:00+00:00,1986-11-07 10:30:00+00:00,-100
384,1986-11-21 23:30:00+00:00,1986-11-28 11:30:00+00:00,-105
385,1987-05-23 06:30:00+00:00,1987-05-31 11:30:00+00:00,-58
386,1987-06-04 18:30:00+00:00,1987-06-08 21:30:00+00:00,-60
387,1987-07-27 02:30:00+00:00,1987-07-31 17:30:00+00:00,-100
388,1987-08-23 10:30:00+00:00,1987-08-28 09:30:00+00:00,-97
389,1987-09-08 15:30:00+00:00,1987-09-13 21:30:00+00:00,-83
390,1987-09-20 23:30:00+00:00,1987-10-06 04:30:00+00:00,-87
391,1987-10-09 17:30:00+00:00,1987-10-13 20:30:00+00:00,-53
392,1987-10-22 20:30:00+00:00,1987-10-30 19:30:00+00:00,-71
393,1987-10-31 19:30:00+00:00,1987-11-06 01:30:00+00:00,-59
394,1987-11-21 09:30:00+00:00,1987-11-29 17:30:00+00:00,-65
395,1987-12-14 05:30:00+00:00,1987-12-18 17:30:00+00:00,-70
396,1987-12-19 19:30:00+00:00,1987-12-24 05:30:00+00:00,-59
397,1987-12-31 11:30:00+00:00,1988-01-09 11:30:00+00:00,-88
398,1988-01-12 18:30:00+00:00,1988-01-18 11:30:00+00:00,-147
399,1988-02-03 06:30:00+00:00,1988-02-07 08:30:00+00:00,-62
400,1988-02-13 11:30:00+00:00,1988-02-17 11:30:00+00:00,-52
401,1988-02-20 02:30:00+00:00,1988-02-25 19:30:00+00:00,-130
402,1988-03-24 18:30:00+00:00,1988-04-08 12:30:00+00:00,-154
403,1988-04-20 05:30:00+00:00,1988-04-24 23:30:00+00:00,-109
404,1988-05-04 00:30:00+00:00,1988-05-09 21:30:00+00:00,-160
405,1988-05-15 12:30:00+00:00,1988-05-20 10:30:00+00:00,-59
406,1988-07-20 02:30:00+00:00,1988-07-24 03:30:00+00:00,-55
407,1988-08-07 20:30:00+00:00,1988-08-11 23:30:00+00:00,-65
408,1988-08-20 04:30:00+00:00,1988-08-24 04:30:00+00:00,-62
409,1988-09-08 23:30:00+00:00,1988-09-14 18:30:00+00:00,-88
410,1988-09-16 00:30:00+00:00,1988-09-21 09:30:00+00:00,-61
411,1988-10-04 16:30:00+00:00,1988-10-15 12:30:00+00:00,-156
412,1988-10-16 09:30:00+00:00,1988-10-21 00:30:00+00:00,-69
413,1988-10-31 14:30:00+00:00,1988-11-05 12:30:00+00:00,-59
414,1988-11-06 16:30:00+00:00,1988-11-11 00:30:00+00:00,-63
415,1988-11-28 10:30:00+00:00,1988-12-04 22:30:00+00:00,-111
416,1988-12-14 18:30:00+00:00,1988-12-21 11:30:00+00:00,-77
417,1988-12-23 10:30:00+00:00,1988-12-31 02:30:00+00:00,-85
418,1989-01-03 05:30:00+00:00,1989-01-08 08:30:00+00:00,-92
419,1989-01-09 18:30:00+00:00,1989-01-24 06:30:00+00:00,-129
420,1989-01-30 01:30:00+00:00,1989-02-09 08:30:00+00:00,-74
421,1989-02-11 11:30:00+00:00,1989-02-18 03:30:00+00:00,-64
422,1989-02-28 10:30:00+00:00,1989-04-10 17:30:00+00:00,-589
423,1989-04-11 17:30:00+00:00,1989-04-18 23:30:00+00:00,-100
424,1989-04-21 16:30:00+00:00,1989-05-10 01:30:00+00:00,-132
425,1989-05-21 18:30:00+00:00,1989-05-29 06:30:00+00:00,-82
426,1989-06-02 02:30:00+00:00,1989-06-17 23:30:00+00:00,-142
427,1989-06-28 03:30:00+00:00,1989-07-04 01:30:00+00:00,-54
428,1989-08-08 09:30:00+00:00,1989-08-26 01:30:00+00:00,-145
429,1989-08-26 21:30:00+00:00,1989-09-01 20:30:00+00:00,-152
430,1989-09-02 05:30:00+00:00,1989-09-07 08:30:00+00:00,-71
431,1989-09-13 19:30:00+00:00,1989-09-23 09:30:00+00:00,-255
432,1989-09-24 11:30:00+00:00,1989-09-30 02:30:00+00:00,-151
433,1989-10-17 03:30:00+00:00,1989-10-29 06:30:00+00:00,-268
434,1989-11-01 08:30:00+00:00,1989-11-22 04:30:00+00:00,-266
435,1989-11-29 19:30:00+00:00,1989-12-07 13:30:00+00:00,-85
436,1989-12-20 14:30:00+00:00,1989-12-25 10:30:00+00:00,-60
437,1989-12-25 19:30:00+00:00,1990-01-05 06:30:00+00:00,-103
438,1990-01-23 00:30:00+00:00,1990-01-27 03:30:00+00:00,-57
439,1990-01-28 19:30:00+00:00,1990-02-10 03:30:00+00:00,-80
440,1990-02-12 05:30:00+00:00,1990-03-08 06:30:00+00:00,-99
441,1990-03-10 21:30:00+00:00,1990-03-16 08:30:00+00:00,-162
442,1990-03-16 22:30:00+00:00,1990-04-02 22:30:00+00:00,-187
443,1990-04-08 05:30:00+00:00,1990-05-02 12:30:00+00:00,-281
444,1990-05-08 07:30:00+00:00,1990-05-14 08:30:00+00:00,-73
445,1990-05-16 16:30:00+00:00,1990-05-29 23:30:00+00:00,-90
446,1990-06-07 09:30:00+00:00,1990-06-17 18:30:00+00:00,-150
447,1990-07-26 14:30:00+00:00,1990-08-04 03:30:00+00:00,-129
448,1990-08-14 13:30:00+00:00,1990-08-18 14:30:00+00:00,-55
449,1990-08-19 19:30:00+00:00,1990-09-01 17:30:00+00:00,-113
450,1990-10-08 01:30:00+00:00,1990-10-14 12:30:00+00:00,-133
451,1990-10-18 21:30:00+00:00,1990-10-26 06:30:00+00:00,-63
452,1990-11-14 11:30:00+00:00,1990-11-18 13:30:00+00:00,-52
453,1990-11-25 17:30:00+00:00,1990-11-30 14:30:00+00:00,-135
454,1991-01-30 22:30:00+00:00,1991-02-04 16:30:00+00:00,-79
455,1991-03-03 15:30:00+00:00,1991-03-15 06:30:00+00:00,-66
456,1991-03-22 07:30:00+00:00,1991-04-07 10:30:00+00:00,-298
457,1991-04-25 02:30:00+00:00,1991-05-04 23:30:00+00:00,-97
458,1991-05-12 07:30:00+00:00,1991-05-19 21:30:00+00:00,-105
459,1991-05-23 03:30:00+00:00,1991-05-27 06:30:00+00:00,-60
460,1991-05-29 14:30:00+00:00,1991-06-26 15:30:00+00:00,-223
461,1991-06-28 19:30:00+00:00,1991-07-05 07:30:00+00:00,-57
462,1991-07-07 05:30:00+00:00,1991-07-24 07:30:00+00:00,-194
463,1991-07-30 23:30:00+00:00,1991-08-09 04:30:00+00:00,-114
464,1991-08-10 07:30:00+00:00,1991-08-25 09:30:00+00:00,-170
465,1991-08-25 22:30:00+00:00,1991-09-12 16:30:00+00:00,-107
466,1991-09-23 15:30:00+00:00,1991-10-12 15:30:00+00:00,-164
467,1991-10-18 09:30:00+00:00,1991-11-27 02:30:00+00:00,-354
468,1991-12-14 20:30:00+00:00,1991-12-22 00:30:00+00:00,-64
469,1991-12-25 21:30:00+00:00,1992-01-01 04:30:00+00:00,-77
470,1992-01-06 19:30:00+00:00,1992-01-15 22:30:00+00:00,-95
471,1992-01-30 18:30:00+00:00,1992-02-12 21:30:00+00:00,-201
472,1992-02-18 11:30:00+00:00,1992-03-03 14:30:00+00:00,-174
473,1992-03-19 17:30:00+00:00,1992-03-24 04:30:00+00:00,-66
474,1992-03-28 01:30:00+00:00,1992-04-01 01:30:00+00:00,-51
475,1992-04-01 13:30:00+00:00,1992-04-06 12:30:00+00:00,-105
476,1992-04-18 05:30:00+00:00,1992-04-22 05:30:00+00:00,-52
477,1992-05-06 07:30:00+00:00,1992-05-16 05:30:00+00:00,-288
478,1992-05-17 20:30:00+00:00,1992-05-25 19:30:00+00:00,-102
479,1992-06-05 23:30:00+00:00,1992-06-13 22:30:00+00:00,-81
480,1992-06-16 20:30:00+00:00,1992-06-21 02:30:00+00:00,-76
481,1992-06-27 20:30:00+00:00,1992-07-02 08:30:00+00:00,-89
482,1992-07-20 09:30:00+00:00,1992-07-24 20:30:00+00:00,-69
483,1992-08-03 04:30:00+00:00,1992-08-10 08:30:00+00:00,-78
484,1992-08-21 01:30:00+00:00,1992-08-26 04:30:00+00:00,-111
485,1992-09-01 06:30:00+00:00,1992-09-14 01:30:00+00:00,-131
486,1992-09-15 04:30:00+00:00,1992-09-24 04:30:00+00:00,-140
487,1992-09-26 23:30:00+00:00,1992-10-03 09:30:00+00:00,-115
488,1992-10-07 13:30:00+00:00,1992-10-14 17:30:00+00:00,-87
489,1992-10-27 17:30:00+00:00,1992-11-11 21:30:00+00:00,-97
490,1992-11-21 01:30:00+00:00,1992-11-25 11:30:00+00:00,-74
491,1992-11-29 09:30:00+00:00,1992-12-03 09:30:00+00:00,-56
492,1992-12-15 18:30:00+00:00,1992-12-19 23:30:00+00:00,-64
493,1992-12-26 15:30:00+00:00,1993-01-01 04:30:00+00:00,-105
494,1993-01-24 01:30:00+00:00,1993-01-28 01:30:00+00:00,-51
495,1993-01-29 08:30:00+00:00,1993-02-04 00:30:00+00:00,-85
496,1993-02-05 22:30:00+00:00,1993-02-11 00:30:00+00:00,-67
497,1993-02-15 14:30:00+00:00,1993-02-22 09:30:00+00:00,-110
498,1993-02-26 11:30:00+00:00,1993-03-18 18:30:00+00:00,-137
499,1993-03-22 06:30:00+00:00,1993-04-01 17:30:00+00:00,-81
500,1993-04-02 16:30:00+00:00,1993-04-17 10:30:00+00:00,-165
501,1993-05-06 02:30:00+00:00,1993-05-14 21:30:00+00:00,-91
502,1993-06-02 09:30:00+00:00,1993-06-07 05:30:00+00:00,-62
503,1993-06-30 22:30:00+00:00,1993-07-05 05:30:00+00:00,-62
504,1993-08-02 23:30:00+00:00,1993-08-07 03:30:00+00:00,-69
505,1993-08-14 07:30:00+00:00,1993-08-19 08:30:00+00:00,-74
506,1993-08-25 17:30:00+00:00,1993-08-29 23:30:00+00:00,-79
507,1993-09-01 18:30:00+00:00,1993-09-06 01:30:00+00:00,-54
508,1993-09-10 21:30:00+00:00,1993-09-16 21:30:00+00:00,-161
509,1993-09-18 18:30:00+00:00,1993-09-23 01:30:00+00:00,-61
510,1993-10-07 06:30:00+00:00,1993-10-12 06:30:00+00:00,-91
511,1993-10-23 16:30:00+00:00,1993-10-29 22:30:00+00:00,-82
512,1993-11-02 00:30:00+00:00,1993-11-08 16:30:00+00:00,-119
513,1993-11-16 16:30:00+00:00,1993-11-21 10:30:00+00:00,-83
514,1993-11-29 16:30:00+00:00,1993-12-11 05:30:00+00:00,-117
515,1993-12-29 08:30:00+00:00,1994-01-02 10:30:00+00:00,-63
516,1994-02-03 15:30:00+00:00,1994-02-18 02:30:00+00:00,-126
517,1994-02-19 14:30:00+00:00,1994-02-25 19:30:00+00:00,-144
518,1994-03-01 06:30:00+00:00,1994-03-21 04:30:00+00:00,-109
519,1994-03-31 16:30:00+00:00,1994-04-20 07:30:00+00:00,-201
520,1994-04-29 15:30:00+00:00,1994-05-10 04:30:00+00:00,-79
521,1994-05-26 20:30:00+00:00,1994-06-01 10:30:00+00:00,-68
522,1994-07-12 23:30:00+00:00,1994-07-17 00:30:00+00:00,-53
523,1994-09-23 21:30:00+00:00,1994-09-28 06:30:00+00:00,-73
524,1994-10-01 02:30:00+00:00,1994-10-13 05:30:00+00:00,-93
525,1994-10-21 01:30:00+00:00,1994-10-26 20:30:00+00:00,-71
526,1994-10-27 10:30:00+00:00,1994-11-03 04:30:00+00:00,-123
527,1994-11-03 23:30:00+00:00,1994-11-08 18:30:00+00:00,-80
528,1994-11-17 06:30:00+00:00,1994-11-21 06:30:00+00:00,-56
529,1994-11-24 09:30:00+00:00,1994-11-29 18:30:00+00:00,-117
530,1995-01-15 11:30:00+00:00,1995-01-20 19:30:00+00:00,-95
531,1995-01-27 21:30:00+00:00,1995-02-01 19:30:00+00:00,-56
532,1995-02-06 05:30:00+00:00,1995-02-10 14:30:00+00:00,-80
533,1995-02-12 02:30:00+00:00,1995-02-16 02:30:00+00:00,-52
534,1995-02-25 20:30:00+00:00,1995-03-07 07:30:00+00:00,-90
535,1995-03-10 00:30:00+00:00,1995-03-15 14:30:00+00:00,-70
536,1995-03-24 12:30:00+00:00,1995-03-29 22:30:00+00:00,-107
537,1995-03-31 04:30:00+00:00,1995-04-04 12:30:00+00:00,-67
538,1995-04-05 05:30:00+00:00,1995-04-12 22:30:00+00:00,-149
539,1995-04-22 03:30:00+00:00,1995-04-27 02:30:00+00:00,-53
540,1995-04-30 17:30:00+00:00,1995-05-10 02:30:00+00:00,-60
541,1995-05-14 13:30:00+00:00,1995-05-19 20:30:00+00:00,-93
542,1995-05-21 21:30:00+00:00,1995-05-26 08:30:00+00:00,-65
543,1995-06-29 01:30:00+00:00,1995-07-03 02:30:00+00:00,-56
544,1995-07-22 20:30:00+00:00,1995-07-26 20:30:00+00:00,-52
545,1995-08-21 02:30:00+00:00,1995-08-25 06:30:00+00:00,-61
546,1995-09-03 13:30:00+00:00,1995-09-10 16:30:00+00:00,-58
547,1995-09-13 10:30:00+00:00,1995-09-17 10:30:00+00:00,-52
548,1995-09-25 16:30:00+00:00,1995-10-11 23:30:00+00:00,-108
549,1995-10-16 21:30:00+00:00,1995-10-25 20:30:00+00:00,-127
550,1995-10-28 16:30:00+00:00,1995-11-03 07:30:00+00:00,-58
551,1995-11-25 18:30:00+00:00,1995-12-03 21:30:00+00:00,-62
552,1995-12-22 13:30:00+00:00,1995-12-26 19:30:00+00:00,-65
553,1996-01-11 05:30:00+00:00,1996-01-15 17:30:00+00:00,-90
554,1996-03-09 03:30:00+00:00,1996-03-13 04:30:00+00:00,-60
555,1996-03-18 23:30:00+00:00,1996-03-27 02:30:00+00:00,-66
556,1996-04-12 23:30:00+00:00,1996-04-19 09:30:00+00:00,-56
557,1996-09-10 08:30:00+00:00,1996-09-14 08:30:00+00:00,-54
558,1996-09-21 07:30:00+00:00,1996-09-25 07:30:00+00:00,-51
559,1996-10-17 16:30:00+00:00,1996-10-25 10:30:00+00:00,-105
560,1997-01-08 08:30:00+00:00,1997-01-12 17:30:00+00:00,-78
561,1997-02-07 19:30:00+00:00,1997-02-13 10:30:00+00:00,-68
562,1997-02-15 07:30:00+00:00,1997-02-19 08:30:00+00:00,-54
563,1997-02-25 22:30:00+00:00,1997-03-02 18:30:00+00:00,-86
564,1997-03-26 22:30:00+00:00,1997-03-31 01:30:00+00:00,-63
565,1997-04-09 01:30:00+00:00,1997-04-13 08:30:00+00:00,-82
566,1997-04-15 04:30:00+00:00,1997-04-19 08:30:00+00:00,-77
567,1997-04-19 18:30:00+00:00,1997-04-24 08:30:00+00:00,-107
568,1997-04-29 21:30:00+00:00,1997-05-04 03:30:00+00:00,-64
569,1997-05-13 07:30:00+00:00,1997-05-19 02:30:00+00:00,-115
570,1997-05-25 01:30:00+00:00,1997-05-29 09:30:00+00:00,-73
571,1997-06-06 22:30:00+00:00,1997-06-11 19:30:00+00:00,-84
572,1997-09-01 20:30:00+00:00,1997-09-06 13:30:00+00:00,-98
573,1997-09-16 04:30:00+00:00,1997-09-20 07:30:00+00:00,-56
574,1997-09-29 10:30:00+00:00,1997-10-03 23:30:00+00:00,-98
575,1997-10-08 06:30:00+00:00,1997-10-13 18:30:00+00:00,-130
576,1997-10-22 13:30:00+00:00,1997-10-30 01:30:00+00:00,-64
577,1997-11-05 01:30:00+00:00,1997-11-12 06:30:00+00:00,-110
578,1997-11-20 12:30:00+00:00,1997-11-26 03:30:00+00:00,-108
579,1997-12-08 15:30:00+00:00,1997-12-13 12:30:00+00:00,-60
580,1997-12-28 15:30:00+00:00,1998-01-01 23:30:00+00:00,-77
581,1998-01-05 02:30:00+00:00,1998-01-09 11:30:00+00:00,-77
582,1998-01-28 11:30:00+00:00,1998-02-01 12:30:00+00:00,-55
583,1998-02-15 19:30:00+00:00,1998-02-20 19:30:00+00:00,-100
584,1998-03-08 16:30:00+00:00,1998-03-17 13:30:00+00:00,-116
585,1998-03-19 14:30:00+00:00,1998-03-31 20:30:00+00:00,-85
586,1998-04-22 05:30:00+00:00,1998-04-28 20:30:00+00:00,-69
587,1998-04-30 11:30:00+00:00,1998-05-11 21:30:00+00:00,-205
588,1998-06-12 09:30:00+00:00,1998-06-16 11:30:00+00:00,-55
589,1998-06-24 02:30:00+00:00,1998-06-28 08:30:00+00:00,-101
590,1998-07-14 15:30:00+00:00,1998-07-18 17:30:00+00:00,-58
591,1998-08-04 08:30:00+00:00,1998-08-09 23:30:00+00:00,-138
592,1998-08-18 17:30:00+00:00,1998-08-22 22:30:00+00:00,-67
593,1998-08-24 23:30:00+00:00,1998-09-03 18:30:00+00:00,-155
594,1998-09-16 13:30:00+00:00,1998-09-20 13:30:00+00:00,-51
595,1998-09-22 06:30:00+00:00,1998-10-05 07:30:00+00:00,-207
596,1998-10-05 18:30:00+00:00,1998-10-10 03:30:00+00:00,-70
597,1998-10-17 04:30:00+00:00,1998-10-26 00:30:00+00:00,-112
598,1998-11-04 07:30:00+00:00,1998-11-18 01:30:00+00:00,-149
599,1998-12-09 07:30:00+00:00,1998-12-13 18:30:00+00:00,-69
600,1998-12-23 10:30:00+00:00,1998-12-31 11:30:00+00:00,-58
601,1999-01-11 17:30:00+00:00,1999-01-17 09:30:00+00:00,-112
602,1999-01-21 22:30:00+00:00,1999-01-25 22:30:00+00:00,-52
603,1999-02-16 05:30:00+00:00,1999-02-22 03:30:00+00:00,-123
604,1999-02-26 21:30:00+00:00,1999-03-12 09:30:00+00:00,-95
605,1999-03-27 14:30:00+00:00,1999-03-31 14:30:00+00:00,-56
606,1999-04-15 01:30:00+00:00,1999-04-19 10:30:00+00:00,-91
607,1999-07-29 01:30:00+00:00,1999-08-02 03:30:00+00:00,-53
608,1999-08-18 12:30:00+00:00,1999-08-26 04:30:00+00:00,-66
609,1999-09-10 19:30:00+00:00,1999-09-18 15:30:00+00:00,-74
610,1999-09-20 21:30:00+00:00,1999-10-02 09:30:00+00:00,-173
611,1999-10-08 14:30:00+00:00,1999-10-19 12:30:00+00:00,-67
612,1999-10-20 01:30:00+00:00,1999-10-31 01:30:00+00:00,-237
613,1999-11-05 12:30:00+00:00,1999-11-18 18:30:00+00:00,-106
614,1999-12-11 07:30:00+00:00,1999-12-15 17:30:00+00:00,-85
615,2000-01-09 19:30:00+00:00,2000-01-14 06:30:00+00:00,-80
616,2000-01-20 21:30:00+00:00,2000-01-25 16:30:00+00:00,-96
617,2000-02-10 03:30:00+00:00,2000-02-16 23:30:00+00:00,-135
618,2000-03-06 21:30:00+00:00,2000-03-10 21:30:00+00:00,-51
619,2000-03-29 10:30:00+00:00,2000-04-12 15:30:00+00:00,-292
620,2000-04-14 02:30:00+00:00,2000-04-18 16:30:00+00:00,-78
621,2000-04-22 13:30:00+00:00,2000-04-26 18:30:00+00:00,-60
622,2000-05-15 02:30:00+00:00,2000-05-19 10:30:00+00:00,-91
623,2000-05-22 03:30:00+00:00,2000-05-31 21:30:00+00:00,-147
624,2000-06-06 17:30:00+00:00,2000-06-12 07:30:00+00:00,-90
625,2000-06-24 11:30:00+00:00,2000-06-29 00:30:00+00:00,-75
626,2000-07-13 13:30:00+00:00,2000-07-26 03:30:00+00:00,-300
627,2000-07-27 10:30:00+00:00,2000-07-31 12:30:00+00:00,-69
628,2000-08-04 04:30:00+00:00,2000-08-08 05:30:00+00:00,-55
629,2000-08-08 22:30:00+00:00,2000-08-15 16:30:00+00:00,-234
630,2000-08-27 06:30:00+00:00,2000-09-04 15:30:00+00:00,-59
631,2000-09-10 15:30:00+00:00,2000-09-22 04:30:00+00:00,-201
632,2000-09-24 02:30:00+00:00,2000-10-08 17:30:00+00:00,-181
633,2000-10-11 04:30:00+00:00,2000-10-16 23:30:00+00:00,-106
634,2000-10-21 07:30:00+00:00,2000-10-25 07:30:00+00:00,-53
635,2000-10-26 23:30:00+00:00,2000-11-01 02:30:00+00:00,-126
636,2000-11-04 15:30:00+00:00,2000-11-13 03:30:00+00:00,-159
637,2000-11-25 00:30:00+00:00,2000-12-02 10:30:00+00:00,-119
638,2000-12-21 03:30:00+00:00,2000-12-25 06:30:00+00:00,-62
639,2001-01-22 15:30:00+00:00,2001-01-26 20:30:00+00:00,-61
640,2001-03-02 23:30:00+00:00,2001-03-07 08:30:00+00:00,-73
641,2001-03-17 17:30:00+00:00,2001-04-04 18:30:00+00:00,-387
642,2001-04-06 15:30:00+00:00,2001-04-25 15:30:00+00:00,-271
643,2001-05-07 02:30:00+00:00,2001-05-12 10:30:00+00:00,-76
644,2001-06-16 07:30:00+00:00,2001-06-20 20:30:00+00:00,-61
645,2001-08-15 19:30:00+00:00,2001-08-20 10:30:00+00:00,-105
646,2001-09-11 06:30:00+00:00,2001-09-15 07:30:00+00:00,-57
647,2001-09-21 15:30:00+00:00,2001-10-06 22:30:00+00:00,-166
648,2001-10-07 14:30:00+00:00,2001-10-14 21:30:00+00:00,-71
649,2001-10-17 18:30:00+00:00,2001-11-10 13:30:00+00:00,-292
650,2001-11-22 07:30:00+00:00,2001-11-29 02:30:00+00:00,-221
651,2001-12-19 21:30:00+00:00,2001-12-26 14:30:00+00:00,-67
652,2001-12-28 05:30:00+00:00,2002-01-01 06:30:00+00:00,-58
653,2002-01-08 21:30:00+00:00,2002-01-13 08:30:00+00:00,-72
654,2002-01-31 05:30:00+00:00,2002-02-08 17:30:00+00:00,-86
655,2002-02-26 23:30:00+00:00,2002-03-03 11:30:00+00:00,-71
656,2002-03-22 03:30:00+00:00,2002-03-27 04:30:00+00:00,-100
657,2002-04-15 15:30:00+00:00,2002-04-25 16:30:00+00:00,-149
658,2002-05-09 15:30:00+00:00,2002-05-29 21:30:00+00:00,-110
659,2002-07-30 13:30:00+00:00,2002-08-06 06:30:00+00:00,-102
660,2002-08-17 06:30:00+00:00,2002-08-24 03:30:00+00:00,-106
661,2002-09-02 03:30:00+00:00,2002-09-15 05:30:00+00:00,-181
662,2002-09-29 09:30:00+00:00,2002-10-19 06:30:00+00:00,-176
663,2002-10-22 03:30:00+00:00,2002-11-08 21:30:00+00:00,-98
664,2002-11-16 20:30:00+00:00,2002-11-29 11:30:00+00:00,-128
665,2002-12-17 15:30:00+00:00,2002-12-29 22:30:00+00:00,-75
666,2003-01-27 23:30:00+00:00,2003-02-07 00:30:00+00:00,-74
667,2003-02-25 02:30:00+00:00,2003-03-06 09:30:00+00:00,-67
668,2003-03-14 19:30:00+00:00,2003-03-22 21:30:00+00:00,-64
669,2003-03-25 16:30:00+00:00,2003-04-07 04:30:00+00:00,-78
670,2003-04-22 20:30:00+00:00,2003-05-03 08:30:00+00:00,-78
671,2003-05-08 02:30:00+00:00,2003-05-12 19:30:00+00:00,-84
672,2003-05-19 21:30:00+00:00,2003-05-24 08:30:00+00:00,-73
673,2003-05-27 18:30:00+00:00,2003-06-04 13:30:00+00:00,-144
674,2003-06-14 15:30:00+00:00,2003-06-21 08:30:00+00:00,-141
675,2003-06-22 12:30:00+00:00,2003-06-26 14:30:00+00:00,-55
676,2003-07-09 10:30:00+00:00,2003-07-19 02:30:00+00:00,-105
677,2003-07-25 07:30:00+00:00,2003-07-31 23:30:00+00:00,-57
678,2003-08-04 02:30:00+00:00,2003-08-09 21:30:00+00:00,-61
679,2003-08-15 22:30:00+00:00,2003-08-25 14:30:00+00:00,-148
680,2003-09-15 06:30:00+00:00,2003-09-21 07:30:00+00:00,-65
681,2003-09-22 07:30:00+00:00,2003-09-27 06:30:00+00:00,-59
682,2003-10-12 11:30:00+00:00,2003-10-24 08:30:00+00:00,-85
683,2003-10-25 04:30:00+00:00,2003-11-06 16:30:00+00:00,-383
684,2003-11-09 12:30:00+00:00,2003-11-16 06:30:00+00:00,-62
685,2003-11-18 10:30:00+00:00,2003-11-25 11:30:00+00:00,-422
686,2003-12-04 03:30:00+00:00,2003-12-12 19:30:00+00:00,-55
687,2004-01-20 12:30:00+00:00,2004-01-29 03:30:00+00:00,-130
688,2004-02-09 15:30:00+00:00,2004-02-13 23:30:00+00:00,-93
689,2004-03-07 18:30:00+00:00,2004-03-14 03:30:00+00:00,-78
690,2004-04-01 18:30:00+00:00,2004-04-08 07:30:00+00:00,-117
691,2004-07-15 01:30:00+00:00,2004-07-19 05:30:00+00:00,-76
692,2004-07-20 22:30:00+00:00,2004-07-31 16:30:00+00:00,-170
693,2004-08-07 21:30:00+00:00,2004-08-11 21:30:00+00:00,-51
694,2004-08-28 14:30:00+00:00,2004-09-02 17:30:00+00:00,-129
695,2004-11-05 21:30:00+00:00,2004-11-16 13:30:00+00:00,-374
696,2004-11-23 03:30:00+00:00,2004-11-27 08:30:00+00:00,-53
697,2004-12-11 02:30:00+00:00,2004-12-15 05:30:00+00:00,-56
698,2005-01-05 23:30:00+00:00,2005-01-10 11:30:00+00:00,-93
699,2005-01-15 02:30:00+00:00,2005-01-24 23:30:00+00:00,-103
700,2005-02-05 21:30:00+00:00,2005-02-09 21:30:00+00:00,-57
701,2005-02-16 01:30:00+00:00,2005-02-20 07:30:00+00:00,-80
702,2005-03-05 00:30:00+00:00,2005-03-09 01:30:00+00:00,-54
703,2005-04-02 23:30:00+00:00,2005-04-07 08:30:00+00:00,-70
704,2005-04-10 04:30:00+00:00,2005-04-14 06:30:00+00:00,-62
705,2005-05-06 01:30:00+00:00,2005-05-12 07:30:00+00:00,-110
706,2005-05-13 06:30:00+00:00,2005-05-23 19:30:00+00:00,-247
707,2005-05-28 08:30:00+00:00,2005-06-02 07:30:00+00:00,-113
708,2005-06-10 19:30:00+00:00,2005-06-15 18:30:00+00:00,-106
709,2005-06-21 08:30:00+00:00,2005-06-26 02:30:00+00:00,-85
710,2005-07-07 18:30:00+00:00,2005-07-14 11:30:00+00:00,-92
711,2005-07-16 03:30:00+00:00,2005-07-20 09:30:00+00:00,-67
712,2005-08-22 10:30:00+00:00,2005-08-28 08:30:00+00:00,-184
713,2005-08-29 14:30:00+00:00,2005-09-06 10:30:00+00:00,-122
714,2005-09-08 18:30:00+00:00,2005-09-20 14:30:00+00:00,-139
715,2005-10-29 17:30:00+00:00,2005-11-03 00:30:00+00:00,-74
716,2005-12-09 18:30:00+00:00,2005-12-13 18:30:00+00:00,-55
717,2006-01-24 03:30:00+00:00,2006-01-28 03:30:00+00:00,-51
718,2006-03-05 01:30:00+00:00,2006-03-09 02:30:00+00:00,-52
719,2006-04-03 05:30:00+00:00,2006-04-17 23:30:00+00:00,-98
720,2006-05-04 21:30:00+00:00,2006-05-08 21:30:00+00:00,-53
721,2006-08-17 19:30:00+00:00,2006-08-22 06:30:00+00:00,-79
722,2006-09-22 07:30:00+00:00,2006-09-26 09:30:00+00:00,-55
723,2006-09-29 05:30:00+00:00,2006-10-03 05:30:00+00:00,-51
724,2006-10-11 22:30:00+00:00,2006-10-16 01:30:00+00:00,-55
725,2006-11-08 00:30:00+00:00,2006-11-12 07:30:00+00:00,-63
726,2006-11-28 06:30:00+00:00,2006-12-02 17:30:00+00:00,-74
727,2006-12-04 12:30:00+00:00,2006-12-08 15:30:00+00:00,-55
728,2006-12-10 05:30:00+00:00,2006-12-24 10:30:00+00:00,-162
729,2007-03-22 06:30:00+00:00,2007-03-26 14:30:00+00:00,-72
730,2007-03-30 07:30:00+00:00,2007-04-03 08:30:00+00:00,-63
731,2007-05-21 12:30:00+00:00,2007-05-25 14:30:00+00:00,-58
732,2007-10-23 20:30:00+00:00,2007-10-27 21:30:00+00:00,-53
733,2007-11-18 19:30:00+00:00,2007-11-22 22:30:00+00:00,-59
734,2008-02-26 22:30:00+00:00,2008-03-01 22:30:00+00:00,-52
735,2008-03-07 04:30:00+00:00,2008-03-11 09:30:00+00:00,-86
736,2008-03-25 21:30:00+00:00,2008-03-29 22:30:00+00:00,-56
737,2008-09-02 04:30:00+00:00,2008-09-06 04:30:00+00:00,-51
738,2008-10-09 11:30:00+00:00,2008-10-13 17:30:00+00:00,-54
739,2009-07-20 04:30:00+00:00,2009-07-24 20:30:00+00:00,-83
740,2010-02-13 21:30:00+00:00,2010-02-18 00:30:00+00:00,-59
741,2010-04-03 15:30:00+00:00,2010-04-14 06:30:00+00:00,-81
742,2010-04-30 14:30:00+00:00,2010-05-05 03:30:00+00:00,-71
743,2010-05-27 06:30:00+00:00,2010-06-06 01:30:00+00:00,-80
744,2010-08-01 22:30:00+00:00,2010-08-07 09:30:00+00:00,-74
745,2010-10-09 15:30:00+00:00,2010-10-13 22:30:00+00:00,-75
746,2011-02-02 21:30:00+00:00,2011-02-07 09:30:00+00:00,-63
747,2011-02-27 13:30:00+00:00,2011-03-04 00:30:00+00:00,-88
748,2011-03-08 20:30:00+00:00,2011-03-14 01:30:00+00:00,-83
749,2011-04-04 17:30:00+00:00,2011-04-08 21:30:00+00:00,-60
750,2011-05-26 10:30:00+00:00,2011-05-31 11:30:00+00:00,-80
751,2011-07-02 23:30:00+00:00,2011-07-07 02:30:00+00:00,-59
752,2011-08-03 22:30:00+00:00,2011-08-09 13:30:00+00:00,-115
753,2011-09-07 17:30:00+00:00,2011-09-14 22:30:00+00:00,-75
754,2011-09-15 14:30:00+00:00,2011-09-19 21:30:00+00:00,-72
755,2011-09-24 16:30:00+00:00,2011-10-01 03:30:00+00:00,-118
756,2011-10-22 23:30:00+00:00,2011-10-28 07:30:00+00:00,-147
757,2011-10-30 12:30:00+00:00,2011-11-04 16:30:00+00:00,-66
758,2012-01-20 19:30:00+00:00,2012-01-27 13:30:00+00:00,-75
759,2012-02-13 04:30:00+00:00,2012-02-21 07:30:00+00:00,-67
760,2012-02-25 19:30:00+00:00,2012-03-04 02:30:00+00:00,-57
761,2012-03-05 06:30:00+00:00,2012-03-20 03:30:00+00:00,-145
762,2012-03-25 22:30:00+00:00,2012-03-30 07:30:00+00:00,-68
763,2012-04-03 06:30:00+00:00,2012-04-07 11:30:00+00:00,-64
764,2012-04-11 03:30:00+00:00,2012-04-15 06:30:00+00:00,-60
765,2012-04-21 20:30:00+00:00,2012-04-28 02:30:00+00:00,-120
766,2012-06-09 23:30:00+00:00,2012-06-14 03:30:00+00:00,-67
767,2012-06-15 11:30:00+00:00,2012-06-20 09:30:00+00:00,-86
768,2012-07-07 09:30:00+00:00,2012-07-12 01:30:00+00:00,-78
769,2012-07-13 07:30:00+00:00,2012-07-19 13:30:00+00:00,-139
770,2012-09-01 04:30:00+00:00,2012-09-07 08:30:00+00:00,-69
771,2012-09-29 00:30:00+00:00,2012-10-03 18:30:00+00:00,-122
772,2012-10-06 07:30:00+00:00,2012-10-16 20:30:00+00:00,-109
773,2012-10-30 11:30:00+00:00,2012-11-03 21:30:00+00:00,-65
774,2012-11-12 01:30:00+00:00,2012-11-16 15:30:00+00:00,-108
775,2013-01-15 21:30:00+00:00,2013-01-20 00:30:00+00:00,-52
776,2013-01-24 22:30:00+00:00,2013-01-28 22:30:00+00:00,-51
777,2013-02-27 10:30:00+00:00,2013-03-03 23:30:00+00:00,-55
778,2013-03-15 09:30:00+00:00,2013-03-23 08:30:00+00:00,-132
779,2013-03-27 14:30:00+00:00,2013-03-31 18:30:00+00:00,-59
780,2013-04-29 12:30:00+00:00,2013-05-04 03:30:00+00:00,-72
781,2013-05-16 03:30:00+00:00,2013-05-21 15:30:00+00:00,-61
782,2013-05-23 05:30:00+00:00,2013-05-27 22:30:00+00:00,-59
783,2013-05-30 03:30:00+00:00,2013-06-04 06:30:00+00:00,-124
784,2013-06-04 21:30:00+00:00,2013-06-09 09:30:00+00:00,-78
785,2013-06-26 18:30:00+00:00,2013-07-02 01:30:00+00:00,-102
786,2013-07-04 04:30:00+00:00,2013-07-17 16:30:00+00:00,-87
787,2013-08-25 20:30:00+00:00,2013-08-30 03:30:00+00:00,-59
788,2013-09-30 06:30:00+00:00,2013-10-05 02:30:00+00:00,-72
789,2013-10-07 00:30:00+00:00,2013-10-11 06:30:00+00:00,-69
790,2013-10-28 22:30:00+00:00,2013-11-01 23:30:00+00:00,-56
791,2013-11-07 06:30:00+00:00,2013-11-13 11:30:00+00:00,-80
792,2013-12-06 07:30:00+00:00,2013-12-10 09:30:00+00:00,-66
793,2014-02-16 23:30:00+00:00,2014-03-03 08:30:00+00:00,-119
794,2014-04-09 23:30:00+00:00,2014-04-15 08:30:00+00:00,-87
795,2014-04-28 06:30:00+00:00,2014-05-02 17:30:00+00:00,-67
796,2014-08-25 10:30:00+00:00,2014-08-30 17:30:00+00:00,-79
797,2014-09-10 22:30:00+00:00,2014-09-15 05:30:00+00:00,-88
798,2014-10-07 07:30:00+00:00,2014-10-11 07:30:00+00:00,-51
799,2014-10-18 17:30:00+00:00,2014-10-22 17:30:00+00:00,-51
800,2014-10-26 00:30:00+00:00,2014-10-30 01:30:00+00:00,-57
801,2014-11-08 17:30:00+00:00,2014-11-12 20:30:00+00:00,-65
802,2014-11-14 06:30:00+00:00,2014-11-18 07:30:00+00:00,-59
803,2014-12-10 16:30:00+00:00,2014-12-14 20:30:00+00:00,-53
804,2014-12-20 04:30:00+00:00,2014-12-28 04:30:00+00:00,-71
805,2015-01-02 13:30:00+00:00,2015-01-10 11:30:00+00:00,-107
806,2015-01-31 06:30:00+00:00,2015-02-04 06:30:00+00:00,-55
807,2015-02-15 22:30:00+00:00,2015-02-20 10:30:00+00:00,-69
808,2015-02-22 03:30:00+00:00,2015-02-26 07:30:00+00:00,-58
809,2015-02-27 06:30:00+00:00,2015-03-04 13:30:00+00:00,-64
810,2015-03-15 08:30:00+00:00,2015-03-24 19:30:00+00:00,-234
811,2015-04-08 04:30:00+00:00,2015-04-19 13:30:00+00:00,-88
812,2015-05-09 03:30:00+00:00,2015-05-15 22:30:00+00:00,-82
813,2015-06-06 07:30:00+00:00,2015-06-10 19:30:00+00:00,-67
814,2015-06-20 20:30:00+00:00,2015-06-28 17:30:00+00:00,-198
815,2015-07-02 21:30:00+00:00,2015-07-08 03:30:00+00:00,-74
816,2015-07-11 08:30:00+00:00,2015-07-15 23:30:00+00:00,-68
817,2015-07-21 06:30:00+00:00,2015-07-25 21:30:00+00:00,-72
818,2015-08-13 12:30:00+00:00,2015-08-30 22:30:00+00:00,-103
819,2015-09-05 16:30:00+00:00,2015-09-13 23:30:00+00:00,-105
820,2015-09-18 08:30:00+00:00,2015-09-22 19:30:00+00:00,-81
821,2015-10-02 05:30:00+00:00,2015-10-20 15:30:00+00:00,-130
822,2015-11-01 12:30:00+00:00,2015-11-12 14:30:00+00:00,-87
823,2015-12-12 19:30:00+00:00,2015-12-16 22:30:00+00:00,-55
824,2015-12-18 07:30:00+00:00,2015-12-23 20:30:00+00:00,-166
825,2015-12-29 14:30:00+00:00,2016-01-03 15:30:00+00:00,-116
826,2016-01-18 10:30:00+00:00,2016-01-23 12:30:00+00:00,-101
827,2016-01-30 07:30:00+00:00,2016-02-05 05:30:00+00:00,-57
828,2016-02-14 19:30:00+00:00,2016-02-20 08:30:00+00:00,-65
829,2016-03-04 19:30:00+00:00,2016-03-09 16:30:00+00:00,-99
830,2016-03-14 23:30:00+00:00,2016-03-19 04:30:00+00:00,-56
831,2016-03-31 22:30:00+00:00,2016-04-05 00:30:00+00:00,-59
832,2016-04-05 20:30:00+00:00,2016-04-10 01:30:00+00:00,-62
833,2016-04-11 01:30:00+00:00,2016-04-18 22:30:00+00:00,-61
834,2016-05-06 04:30:00+00:00,2016-05-11 22:30:00+00:00,-95
835,2016-08-01 10:30:00+00:00,2016-08-05 15:30:00+00:00,-52
836,2016-08-21 20:30:00+00:00,2016-08-25 22:30:00+00:00,-73
837,2016-08-30 09:30:00+00:00,2016-09-05 04:30:00+00:00,-59
838,2016-09-26 17:30:00+00:00,2016-10-01 16:30:00+00:00,-65
839,2016-10-11 11:30:00+00:00,2016-10-16 09:30:00+00:00,-110
840,2016-10-23 14:30:00+00:00,2016-10-31 08:30:00+00:00,-70
841,2016-11-08 16:30:00+00:00,2016-11-12 18:30:00+00:00,-60
842,2017-02-27 21:30:00+00:00,2017-03-04 01:30:00+00:00,-62
843,2017-03-25 10:30:00+00:00,2017-04-06 11:30:00+00:00,-71
844,2017-04-18 04:30:00+00:00,2017-04-26 08:30:00+00:00,-64
845,2017-05-26 00:30:00+00:00,2017-05-30 20:30:00+00:00,-146
846,2017-07-14 12:30:00+00:00,2017-07-19 11:30:00+00:00,-71
847,2017-08-17 08:30:00+00:00,2017-08-25 13:30:00+00:00,-52
848,2017-08-29 10:30:00+00:00,2017-09-02 16:30:00+00:00,-68
849,2017-09-05 23:30:00+00:00,2017-09-20 08:30:00+00:00,-148
850,2017-09-25 13:30:00+00:00,2017-09-30 23:30:00+00:00,-98
851,2017-10-10 08:30:00+00:00,2017-10-17 05:30:00+00:00,-70
852,2017-10-24 14:30:00+00:00,2017-10-28 14:30:00+00:00,-51
853,2017-11-05 10:30:00+00:00,2017-11-12 07:30:00+00:00,-82
854,2017-11-19 06:30:00+00:00,2017-11-23 06:30:00+00:00,-55
855,2017-12-03 10:30:00+00:00,2017-12-07 10:30:00+00:00,-51
856,2018-04-18 08:30:00+00:00,2018-04-22 18:30:00+00:00,-78
857,2018-05-04 01:30:00+00:00,2018-05-08 04:30:00+00:00,-55
858,2018-08-24 00:30:00+00:00,2018-08-29 20:30:00+00:00,-176
859,2018-09-08 22:30:00+00:00,2018-09-13 18:30:00+00:00,-73
860,2018-09-20 07:30:00+00:00,2018-09-24 07:30:00+00:00,-53
861,2018-10-05 20:30:00+00:00,2018-10-09 21:30:00+00:00,-54
862,2018-11-03 05:30:00+00:00,2018-11-07 18:30:00+00:00,-57
863,2019-05-09 15:30:00+00:00,2019-05-16 11:30:00+00:00,-68
864,2019-08-03 09:30:00+00:00,2019-08-07 20:30:00+00:00,-53
865,2019-08-30 06:30:00+00:00,2019-09-07 05:30:00+00:00,-59
866,2019-09-25 22:30:00+00:00,2019-09-29 23:30:00+00:00,-56
867,2019-10-23 08:30:00+00:00,2019-10-27 08:30:00+00:00,-52
868,2020-02-16 15:30:00+00:00,2020-02-20 20:30:00+00:00,-58
869,2020-04-18 11:30:00+00:00,2020-04-22 14:30:00+00:00,-68
870,2020-09-23 23:30:00+00:00,2020-09-30 21:30:00+00:00,-60
871,2021-02-27 05:30:00+00:00,2021-03-03 07:30:00+00:00,-58
872,2021-04-15 05:30:00+00:00,2021-04-19 05:30:00+00:00,-54
873,2021-04-24 06:30:00+00:00,2021-04-28 06:30:00+00:00,-53
874,2021-05-10 14:30:00+00:00,2021-05-14 16:30:00+00:00,-61
875,2021-08-25 18:30:00+00:00,2021-08-30 05:30:00+00:00,-82
876,2021-09-15 20:30:00+00:00,2021-09-19 22:30:00+00:00,-64
877,2021-10-10 06:30:00+00:00,2021-10-14 18:30:00+00:00,-65
878,2021-10-15 21:30:00+00:00,2021-10-20 03:30:00+00:00,-55
879,2021-11-02 06:30:00+00:00,2021-11-06 20:30:00+00:00,-105
880,2022-01-12 20:30:00+00:00,2022-01-17 10:30:00+00:00,-91
881,2022-02-01 09:30:00+00:00,2022-02-06 22:30:00+00:00,-66
882,2022-02-08 17:30:00+00:00,2022-02-12 22:30:00+00:00,-60
883,2022-03-03 20:30:00+00:00,2022-03-07 22:30:00+00:00,-56
884,2022-03-10 04:30:00+00:00,2022-03-16 05:30:00+00:00,-85
885,2022-04-12 16:30:00+00:00,2022-04-17 01:30:00+00:00,-81
886,2022-05-26 04:30:00+00:00,2022-05-30 07:30:00+00:00,-63
887,2022-06-30 07:30:00+00:00,2022-07-04 12:30:00+00:00,-54
888,2022-07-05 17:30:00+00:00,2022-07-10 03:30:00+00:00,-81
889,2022-07-17 12:30:00+00:00,2022-07-21 21:30:00+00:00,-62
890,2022-08-06 06:30:00+00:00,2022-08-10 07:30:00+00:00,-59
891,2022-09-02 08:30:00+00:00,2022-09-07 17:30:00+00:00,-71
892,2022-10-12 10:30:00+00:00,2022-10-16 11:30:00+00:00,-62
893,2022-10-20 15:30:00+00:00,2022-10-24 22:30:00+00:00,-76
894,2022-11-01 10:30:00+00:00,2022-11-10 15:30:00+00:00,-92
895,2022-12-05 16:30:00+00:00,2022-12-09 17:30:00+00:00,-63
896,2022-12-25 05:30:00+00:00,2022-12-29 18:30:00+00:00,-68
897,2023-01-02 07:30:00+00:00,2023-01-06 09:30:00+00:00,-61
898,2023-01-13 12:30:00+00:00,2023-01-17 13:30:00+00:00,-57
899,2023-02-13 10:30:00+00:00,2023-02-18 16:30:00+00:00,-72
900,2023-02-24 22:30:00+00:00,2023-03-02 22:30:00+00:00,-132
901,2023-03-21 15:30:00+00:00,2023-03-27 00:30:00+00:00,-163
902,2023-04-21 16:30:00+00:00,2023-04-30 07:30:00+00:00,-213
903,2023-05-04 05:30:00+00:00,2023-05-08 11:30:00+00:00,-67
904,2023-05-18 06:30:00+00:00,2023-05-22 17:30:00+00:00,-57
905,2023-06-14 03:30:00+00:00,2023-06-18 20:30:00+00:00,-72
906,2023-06-23 00:30:00+00:00,2023-06-27 01:30:00+00:00,-57
907,2023-07-14 23:30:00+00:00,2023-07-18 23:30:00+00:00,-53
908,2023-07-24 08:30:00+00:00,2023-07-28 08:30:00+00:00,-52
909,2023-08-03 01:30:00+00:00,2023-08-07 19:30:00+00:00,-93
910,2023-08-31 09:30:00+00:00,2023-09-04 16:30:00+00:00,-62
911,2023-09-10 17:30:00+00:00,2023-09-15 02:30:00+00:00,-82
912,2023-09-16 18:30:00+00:00,2023-09-21 16:30:00+00:00,-85
913,2023-09-23 00:30:00+00:00,2023-09-28 13:30:00+00:00,-69
914,2023-10-19 01:30:00+00:00,2023-10-23 16:30:00+00:00,-88
915,2023-10-26 10:30:00+00:00,2023-10-31 11:30:00+00:00,-60
916,2023-11-02 23:30:00+00:00,2023-11-09 09:30:00+00:00,-163
917,2023-11-20 05:30:00+00:00,2023-11-28 08:30:00+00:00,-90
918,2023-11-29 11:30:00+00:00,2023-12-04 19:30:00+00:00,-108
919,2023-12-12 04:30:00+00:00,2023-12-20 13:30:00+00:00,-78
920,2024-03-01 16:30:00+00:00,2024-03-06 08:30:00+00:00,-112
921,2024-03-19 18:30:00+00:00,2024-03-28 04:30:00+00:00,-128
922,2024-04-14 11:30:00+00:00,2024-04-23 23:30:00+00:00,-117
923,2024-04-24 16:30:00+00:00,2024-04-28 16:30:00+00:00,-51
924,2024-04-30 16:30:00+00:00,2024-05-05 04:30:00+00:00,-89
925,2024-05-08 19:30:00+00:00,2024-05-20 18:30:00+00:00,-406
926,2024-06-26 05:30:00+00:00,2024-07-01 10:30:00+00:00,-107
927,2024-08-02 09:30:00+00:00,2024-08-07 04:30:00+00:00,-100
928,2024-08-10 04:30:00+00:00,2024-08-16 02:30:00+00:00,-188
929,2024-08-26 04:30:00+00:00,2024-09-03 00:30:00+00:00,-76
930,2024-09-10 08:30:00+00:00,2024-09-21 14:30:00+00:00,-121
931,2024-09-23 05:30:00+00:00,2024-09-27 20:30:00+00:00,-53
932,2024-10-05 17:30:00+00:00,2024-10-14 18:30:00+00:00,-333
933,2024-11-07 07:30:00+00:00,2024-11-12 23:30:00+00:00,-101
934,2024-12-30 09:30:00+00:00,2025-01-07 19:30:00+00:00,-212
935,2025-03-10 12:30:00+00:00,2025-03-15 13:30:00+00:00,-66
936,2025-03-20 02:30:00+00:00,2025-03-29 07:30:00+00:00,-62
937,2025-04-02 11:30:00+00:00,2025-04-22 04:30:00+00:00,-138
938,2025-04-30 01:30:00+00:00,2025-05-05 10:30:00+00:00,-62
939,2025-05-07 22:30:00+00:00,2025-05-12 00:30:00+00:00,-65
940,2025-05-15 02:30:00+00:00,2025-05-19 05:30:00+00:00,-65
941,2025-05-27 02:30:00+00:00,2025-06-06 13:30:00+00:00,-119
942,2025-06-10 22:30:00+00:00,2025-06-16 09:30:00+00:00,-101
943,2025-07-05 02:30:00+00:00,2025-07-09 02:30:00+00:00,-51
944,2025-08-07 04:30:00+00:00,2025-08-12 09:30:00+00:00,-85
945,2025-08-31 20:30:00+00:00,2025-09-05 03:30:00+00:00,-78
946,2025-09-13 01:30:00+00:00,2025-09-17 08:30:00+00:00,-78
947,2025-09-27 09:30:00+00:00,2025-10-06 14:30:00+00:00,-106
948,2025-10-16 19:30:00+00:00,2025-10-20 21:30:00+00:00,-59
949,2025-10-28 11:30:00+00:00,2025-11-01 18:30:00+00:00,-68
950,2025-11-04 00:30:00+00:00,2025-11-15 20:30:00+00:00,-217
951,2025-12-01 22:30:00+00:00,2025-12-05 23:30:00+00:00,-57
952,2025-12-09 00:30:00+00:00,2025-12-14 21:30:00+00:00,-73
953,2026-01-08 23:30:00+00:00,2026-01-13 15:30:00+00:00,-56
