feature_set,lookback_hours,horizon_hours,model,dst_threshold,decision_rule,prob_cutoff,precision_class1,recall_class1,f1_class1,mcc,positive_rate_true,positive_rate_pred
dst_only,6,1,persistence,-20.0,point_threshold,,0.9625529761528243,0.9591553734635991,0.9608511713076971,0.8702105345275161,0.6996383841947433,0.697168812841771
dst_only,6,2,persistence,-20.0,point_threshold,,0.9385792902776899,0.9326796153120875,0.9356201525947412,0.7858956950613298,0.7015787616863645,0.697168812841771
dst_only,6,3,persistence,-20.0,point_threshold,,0.9233348092858499,0.9150003134206732,0.9191486682198854,0.7302827378645798,0.7035191391779856,0.697168812841771
dst_only,6,4,persistence,-20.0,point_threshold,,0.9115693592257574,0.9005749281339832,0.9060387916129641,0.6854704892743958,0.7056800141118363,0.697168812841771
dst_only,6,5,persistence,-20.0,point_threshold,,0.9023341134796635,0.8889512058328659,0.8955926670015067,0.6494001356184022,0.7076644910919033,0.697168812841771
dst_only,6,6,persistence,-20.0,point_threshold,,0.893857929027769,0.878083638849189,0.8859005704971475,0.6156182157273383,0.7096930675604163,0.697168812841771
dst_only,6,1,bilstm,-20.0,point_threshold,,0.933963392750329,0.9841790104002521,0.9584138968173588,0.8562518493954446,0.6996383841947433,0.7372552478391251
dst_only,6,2,bilstm,-20.0,point_threshold,,0.9128677563150074,0.9654283738764221,0.938412659619967,0.7830442109610106,0.7015787616863645,0.74197389310284
dst_only,6,3,bilstm,-20.0,point_threshold,,0.8987859046490968,0.95129442738043,0.9242950240574944,0.7300721680357403,0.7035191391779856,0.7446198624095961
dst_only,6,4,bilstm,-20.0,point_threshold,,0.8863315281375088,0.9409448818897638,0.9128220672931191,0.6850450808839268,0.7056800141118363,0.7491621097195272
dst_only,6,5,bilstm,-20.0,point_threshold,,0.8751604995914556,0.9344425749361251,0.9038305054097224,0.6475094262625178,0.7076644910919033,0.7556006350326336
dst_only,6,6,bilstm,-20.0,point_threshold,,0.8665585543843392,0.9297209967066427,0.8970292874486645,0.6173915092635437,0.7096930675604163,0.7614217675074969
dst_only,6,1,bilstm_gp,-20.0,probability_threshold,0.45000000000000007,0.9543931496649293,0.9694925937598488,0.9618836183984241,0.8710438050283539,0.6996383841947433,0.7107073557946728
dst_only,6,2,bilstm_gp,-20.0,probability_threshold,0.5,0.9280049566294919,0.9414796655980892,0.9346937501950139,0.7776234182454884,0.7015787616863645,0.7117657435173752
dst_only,6,3,bilstm_gp,-20.0,probability_threshold,0.45000000000000007,0.8985463899024945,0.9415783865103742,0.9195592286501377,0.7152394939215149,0.7035191391779856,0.7372111483506791
dst_only,6,4,bilstm_gp,-20.0,probability_threshold,0.5,0.8900372551376037,0.9256342957130359,0.9074868275946575,0.67181008673001,0.7056800141118363,0.733903686717234
dst_only,6,5,bilstm_gp,-20.0,probability_threshold,0.45000000000000007,0.8611206600206256,0.9366236679753225,0.8972866481597565,0.616820666551064,0.7076644910919033,0.7697124713353325
dst_only,6,6,bilstm_gp,-20.0,probability_threshold,0.5,0.8587991001903443,0.925184862983906,0.8907568052647322,0.5919543878059957,0.7096930675604163,0.7645528311871582
dst_only,6,1,persistence,-50.0,point_threshold,,0.8851424842288449,0.8851424842288449,0.8851424842288449,0.8559373290764581,0.2027253483859587,0.2027253483859587
dst_only,6,2,persistence,-50.0,point_threshold,,0.814226669567109,0.814226669567109,0.814226669567109,0.7669895436198774,0.2027253483859587,0.2027253483859587
dst_only,6,3,persistence,-50.0,point_threshold,,0.7635414400696107,0.7635414400696107,0.7635414400696107,0.7034164331555114,0.2027253483859587,0.2027253483859587
dst_only,6,4,persistence,-50.0,point_threshold,,0.7237328692625625,0.7235754675946063,0.7236541598694943,0.6533773188013356,0.20276944787440465,0.2027253483859587
dst_only,6,5,persistence,-50.0,point_threshold,,0.6908853600174026,0.6904347826086956,0.6906599978253778,0.6119710815444991,0.20285764685129654,0.2027253483859587
dst_only,6,6,persistence,-50.0,point_threshold,,0.664563845986513,0.6638418079096046,0.6642026307207305,0.578760371671745,0.2029458458281884,0.2027253483859587
dst_only,6,1,bilstm,-50.0,point_threshold,,0.9703164379725567,0.7537524472482053,0.8484329089128305,0.8254548485444273,0.2027253483859587,0.1574792732404304
dst_only,6,2,bilstm,-50.0,point_threshold,,0.9269242288110212,0.6732651729388732,0.7799899193548387,0.7485373994898897,0.2027253483859587,0.14724819192097371
dst_only,6,3,bilstm,-50.0,point_threshold,,0.9074834227976003,0.6251903415270829,0.740340030911901,0.7062989842307557,0.2027253483859587,0.13966307990827306
dst_only,6,4,bilstm,-50.0,point_threshold,,0.8794002607561929,0.5867768595041323,0.703887294547352,0.6656862299457534,0.20276944787440465,0.13529723055212559
dst_only,6,5,bilstm,-50.0,point_threshold,,0.8559726962457338,0.5452173913043479,0.6661354581673307,0.6256339405270186,0.20285764685129654,0.1292115011465867
dst_only,6,6,bilstm,-50.0,point_threshold,,0.8550130450987701,0.49847892220773576,0.6297872340425532,0.5939224067565767,0.2029458458281884,0.118318927500441
dst_only,6,1,bilstm_gp,-50.0,probability_threshold,0.4,0.8873942286830115,0.889710680878834,0.8885509450358462,0.8601672724120514,0.2027253483859587,0.20325454224730993
dst_only,6,2,bilstm_gp,-50.0,probability_threshold,0.4,0.8096256684491978,0.8233630628670873,0.8164365832614323,0.7693108405648794,0.2027253483859587,0.20616510848474157
dst_only,6,3,bilstm_gp,-50.0,probability_threshold,0.4,0.7715364120781527,0.7559277789862954,0.7636523458960554,0.704381362022379,0.2027253483859587,0.19862409596048686
dst_only,6,4,bilstm_gp,-50.0,probability_threshold,0.45000000000000007,0.7444394008170676,0.7133536320139191,0.7285650821856953,0.6615984696796089,0.20276944787440465,0.19430234609278532
dst_only,6,5,bilstm_gp,-50.0,probability_threshold,0.4,0.6754677754677755,0.706304347826087,0.6905419766206163,0.6098152269068213,0.20285764685129654,0.21211853942494266
dst_only,6,6,bilstm_gp,-50.0,probability_threshold,0.4,0.6159754224270353,0.6970882225119513,0.654026503567788,0.5607393714177942,0.2029458458281884,0.22967013582642443
dst_only,12,1,persistence,-20.0,point_threshold,,0.963550326128661,0.9604793472718001,0.9620123858775458,0.8653577349253272,0.7190393253277111,0.716747639563663
dst_only,12,2,persistence,-20.0,point_threshold,,0.9402736922880164,0.9346554792779049,0.9374561683136755,0.7775511097736828,0.7210560088000734,0.716747639563663
dst_only,12,3,persistence,-20.0,point_threshold,,0.9256298759432152,0.9171260216688842,0.921358327233379,0.7191791733708776,0.7233935282794023,0.716747639563663
dst_only,12,4,persistence,-20.0,point_threshold,,0.9141833994116895,0.9029813036887316,0.9085478233238005,0.6721834538331649,0.7256393803281694,0.716747639563663
dst_only,12,5,persistence,-20.0,point_threshold,,0.9053587415270495,0.8917863441672965,0.8985212921241353,0.6349922246440247,0.7276560638005317,0.716747639563663
dst_only,12,6,persistence,-20.0,point_threshold,,0.8973653919938611,0.8813591257379726,0.8892902408111534,0.6003580022132208,0.7297644147034559,0.716747639563663
dst_only,12,1,bilstm,-20.0,point_threshold,,0.9281433537096968,0.9871876593574707,0.9567554210168654,0.838872785142594,0.7190393253277111,0.7647813731781098
dst_only,12,2,bilstm,-20.0,point_threshold,,0.9109756826193464,0.9691711161962878,0.9391727493917275,0.768583684239127,0.7210560088000734,0.7671188926574388
dst_only,12,3,bilstm,-20.0,point_threshold,,0.9029716073147257,0.9510866121776596,0.9264047890887771,0.7182103112774793,0.7233935282794023,0.7619396828306902
dst_only,12,4,bilstm,-20.0,point_threshold,,0.8935288109114943,0.939300151591713,0.9158429561200924,0.6747807369630273,0.7256393803281694,0.7628105234210285
dst_only,12,5,bilstm,-20.0,point_threshold,,0.8876898963105859,0.9275006298815822,0.9071586988664366,0.6402300336909535,0.7276560638005317,0.7602896690805757
dst_only,12,6,bilstm,-20.0,point_threshold,,0.8817683551165452,0.9194824770757443,0.9002305918524213,0.6107428116846194,0.7297644147034559,0.7609771748097901
dst_only,12,1,bilstm_gp,-20.0,probability_threshold,0.5,0.964685560744674,0.9611805201427843,0.9629298508892365,0.8686890480911581,0.7190393253277111,0.7164268035566963
dst_only,12,2,bilstm_gp,-20.0,probability_threshold,0.45000000000000007,0.9279542487723006,0.9488939740655988,0.9383073006694114,0.7729227981934834,0.7210560088000734,0.7373269777248144
dst_only,12,3,bilstm_gp,-20.0,probability_threshold,0.45000000000000007,0.9053420235122129,0.9417094342013559,0.9231677018633541,0.7091527650542586,0.7233935282794023,0.7524521037675314
dst_only,12,4,bilstm_gp,-20.0,probability_threshold,0.45000000000000007,0.8873045353783476,0.9354471955533098,0.9107400916274636,0.6537393600104824,0.7256393803281694,0.7650105417545147
dst_only,12,5,bilstm_gp,-20.0,probability_threshold,0.45000000000000007,0.8754863813229572,0.935374149659864,0.9044399780741823,0.6206414382691419,0.7276560638005317,0.777431478595655
dst_only,12,6,bilstm_gp,-20.0,probability_threshold,0.5,0.8664935371539869,0.9220575304609974,0.8934124448501445,0.5739925584960323,0.7297644147034559,0.7765606380053167
dst_only,12,1,persistence,-50.0,point_threshold,,0.8851424842288449,0.8851424842288449,0.8851424842288449,0.8544822438246872,0.21069758914657621,0.21069758914657621
dst_only,12,2,persistence,-50.0,point_threshold,,0.814226669567109,0.814226669567109,0.814226669567109,0.7646360534588691,0.21069758914657621,0.21069758914657621
dst_only,12,3,persistence,-50.0,point_threshold,,0.7635414400696107,0.7635414400696107,0.7635414400696107,0.7004208315102936,0.21069758914657621,0.21069758914657621
dst_only,12,4,persistence,-50.0,point_threshold,,0.7237328692625625,0.7235754675946063,0.7236541598694943,0.6498758215678837,0.21074342286185718,0.21069758914657621
dst_only,12,5,persistence,-50.0,point_threshold,,0.6908853600174026,0.6904347826086956,0.6906599978253778,0.6080502290195283,0.2108350902924191,0.21069758914657621
dst_only,12,6,persistence,-50.0,point_threshold,,0.664563845986513,0.6638418079096046,0.6642026307207305,0.5745027686150002,0.21092675772298103,0.21069758914657621
dst_only,12,1,bilstm,-50.0,point_threshold,,0.9615800865800865,0.7731128997172069,0.8571084046786447,0.8315404913010548,0.21069758914657621,0.16940141167843065
dst_only,12,2,bilstm,-50.0,point_threshold,,0.9158557527189468,0.6961061561888188,0.7910023482882215,0.7550684935659573,0.21069758914657621,0.1601430011916766
dst_only,12,3,bilstm,-50.0,point_threshold,,0.8940856970428486,0.6445507939960844,0.7490835545443054,0.7091847063297089,0.21069758914657621,0.1518929324411037
dst_only,12,4,bilstm,-50.0,point_threshold,,0.8723605420737472,0.6020008699434537,0.7123922275125466,0.6692285444807813,0.21074342286185718,0.14543037858648822
dst_only,12,5,bilstm,-50.0,point_threshold,,0.8470471134704711,0.555,0.6706067769897557,0.6244433496952733,0.2108350902924191,0.13814281785681548
dst_only,12,6,bilstm,-50.0,point_threshold,,0.8372905027932961,0.5210777922642329,0.6423787838199839,0.596812875666977,0.21092675772298103,0.13126776056467138
dst_only,12,1,bilstm_gp,-50.0,probability_threshold,0.45000000000000007,0.8959435626102292,0.8840548183597998,0.8899594875725392,0.8608639411806545,0.21069758914657621,0.2079017325144376
dst_only,12,2,bilstm_gp,-50.0,probability_threshold,0.4,0.8182802685726662,0.8218403306504242,0.8200564358584762,0.7718927757071481,0.21069758914657621,0.21161426345219544
dst_only,12,3,bilstm_gp,-50.0,probability_threshold,0.45000000000000007,0.7641203202769963,0.7681096367195998,0.766109785202864,0.7034725150784646,0.21069758914657621,0.2117975983133193
dst_only,12,4,bilstm_gp,-50.0,probability_threshold,0.4,0.7314510833880499,0.7268377555458895,0.7291371222864623,0.6571075623038131,0.21074342286185718,0.20941424511870932
dst_only,12,5,bilstm_gp,-50.0,probability_threshold,0.4,0.6728647323252963,0.7158695652173913,0.6937012850221193,0.6091089531151924,0.2108350902924191,0.22431020258502155
dst_only,12,6,bilstm_gp,-50.0,probability_threshold,0.4,0.6428276147168251,0.675793133420252,0.6588983050847458,0.565097854094385,0.21092675772298103,0.22174351452928776
dst_only,18,1,persistence,-20.0,point_threshold,,0.964763690437706,0.9614071258295213,0.9630824835420163,0.8584559598321757,0.7405057251908397,0.7379293893129771
dst_only,18,2,persistence,-20.0,point_threshold,,0.9423288291200621,0.9362153134635149,0.9392621234090542,0.7661552669501391,0.7427480916030534,0.7379293893129771
dst_only,18,3,persistence,-20.0,point_threshold,,0.9277817288420508,0.9190470090944025,0.923393713200991,0.703860750844398,0.7449427480916031,0.7379293893129771
dst_only,18,4,persistence,-20.0,point_threshold,,0.9164673175147088,0.9052302190433617,0.9108141103900276,0.653859805330689,0.7470896946564886,0.7379293893129771
dst_only,18,5,persistence,-20.0,point_threshold,,0.9078683649059287,0.8942809833142275,0.9010234527896307,0.6144024585758882,0.7491412213740458,0.7379293893129771
dst_only,18,6,persistence,-20.0,point_threshold,,0.899980603866296,0.8842025026996125,0.8920217878884973,0.5778049668386837,0.7510973282442748,0.7379293893129771
dst_only,18,1,bilstm,-20.0,point_threshold,,0.9307603616724316,0.9882095225823079,0.958625,0.8323099828086228,0.7405057251908397,0.7862118320610687
dst_only,18,2,bilstm,-20.0,point_threshold,,0.9134214816156493,0.9718011305241521,0.9417073853910554,0.7578042000633433,0.7427480916030534,0.7902194656488549
dst_only,18,3,bilstm,-20.0,point_threshold,,0.9031750831569398,0.9564493403355963,0.9290491150580111,0.7017144386844552,0.7449427480916031,0.7888835877862596
dst_only,18,4,bilstm,-20.0,point_threshold,,0.8892874222859876,0.949996806948081,0.9186401951400254,0.6503875224294441,0.7470896946564886,0.7980916030534351
dst_only,18,5,bilstm,-20.0,point_threshold,,0.884389601054271,0.9402623869570755,0.9114705519199902,0.6171707723116788,0.7491412213740458,0.796469465648855
dst_only,18,6,bilstm,-20.0,point_threshold,,0.8766268497058299,0.9369878676237058,0.9058028860914953,0.5858057499680215,0.7510973282442748,0.8028148854961832
dst_only,18,1,bilstm_gp,-20.0,probability_threshold,0.45000000000000007,0.9592915843791807,0.9701694478448554,0.9646998526491127,0.8619514256999281,0.7405057251908397,0.7489026717557252
dst_only,18,2,bilstm_gp,-20.0,probability_threshold,0.45000000000000007,0.9236598546493571,0.9551644398766701,0.9391480089683266,0.7531879629510678,0.7427480916030534,0.7680820610687022
dst_only,18,3,bilstm_gp,-20.0,probability_threshold,0.5,0.9141910063168428,0.9361470475214551,0.9250387621428345,0.6963581955272891,0.7449427480916031,0.7628339694656489
dst_only,18,4,bilstm_gp,-20.0,probability_threshold,0.45000000000000007,0.8813105785811975,0.9464844498371544,0.9127355585663259,0.6221101028113901,0.7470896946564886,0.802337786259542
dst_only,18,5,bilstm_gp,-20.0,probability_threshold,0.5,0.8908556379004103,0.9263151190931092,0.908239408036467,0.6136766234884897,0.7491412213740458,0.7789599236641221
dst_only,18,6,bilstm_gp,-20.0,probability_threshold,0.5,0.869321902720724,0.9275233437083148,0.897480024585126,0.5492341432811283,0.7510973282442748,0.8013835877862595
dst_only,18,1,persistence,-50.0,point_threshold,,0.8851424842288449,0.8851424842288449,0.8851424842288449,0.8528745626985632,0.21932251908396946,0.21932251908396946
dst_only,18,2,persistence,-50.0,point_threshold,,0.814226669567109,0.814226669567109,0.814226669567109,0.7620357510313881,0.21932251908396946,0.21932251908396946
dst_only,18,3,persistence,-50.0,point_threshold,,0.7635414400696107,0.7635414400696107,0.7635414400696107,0.697111078888898,0.21932251908396946,0.21932251908396946
dst_only,18,4,persistence,-50.0,point_threshold,,0.7237328692625625,0.7235754675946063,0.7236541598694943,0.6460071084912252,0.2193702290076336,0.21932251908396946
dst_only,18,5,persistence,-50.0,point_threshold,,0.6908853600174026,0.6904347826086956,0.6906599978253778,0.6037181560814556,0.21946564885496184,0.21932251908396946
dst_only,18,6,persistence,-50.0,point_threshold,,0.664563845986513,0.6638418079096046,0.6642026307207305,0.5697985993476393,0.21956106870229009,0.21932251908396946
dst_only,18,1,bilstm,-50.0,point_threshold,,0.9716713881019831,0.7461387861648902,0.8440999138673557,0.818239597719964,0.21932251908396946,0.16841603053435114
dst_only,18,2,bilstm,-50.0,point_threshold,,0.933843797856049,0.6632586469436589,0.7756296107860595,0.7417439921348625,0.21932251908396946,0.15577290076335878
dst_only,18,3,bilstm,-50.0,point_threshold,,0.9119456134671414,0.6127909506199696,0.7330210772833724,0.6959115688523089,0.21932251908396946,0.14737595419847327
dst_only,18,4,bilstm,-50.0,point_threshold,,0.8910081743869209,0.5689430187037843,0.6944518184231484,0.6550527305977033,0.2193702290076336,0.14007633587786258
dst_only,18,5,bilstm,-50.0,point_threshold,,0.8815305371596762,0.5208695652173913,0.654823722328505,0.6174613378817534,0.21946564885496184,0.12967557251908396
dst_only,18,6,bilstm,-50.0,point_threshold,,0.8709932726553226,0.4782703172533681,0.6174779071398513,0.5826754268751686,0.21956106870229009,0.12056297709923663
dst_only,18,1,bilstm_gp,-50.0,probability_threshold,0.45000000000000007,0.8817987152034261,0.8958016097454862,0.8887450091723319,0.8572169252215467,0.21932251908396946,0.22280534351145037
dst_only,18,2,bilstm_gp,-50.0,probability_threshold,0.45000000000000007,0.8346709470304976,0.7918207526647814,0.8126814020986828,0.7622470241603234,0.21932251908396946,0.20806297709923663
dst_only,18,3,bilstm_gp,-50.0,probability_threshold,0.45000000000000007,0.7857948139797069,0.7581031107243855,0.7717006200177148,0.7092140218430802,0.21932251908396946,0.2115935114503817
dst_only,18,4,bilstm_gp,-50.0,probability_threshold,0.45000000000000007,0.7572614107883817,0.7144410613310135,0.7352282900626679,0.6640276443911877,0.2193702290076336,0.20696564885496183
dst_only,18,5,bilstm_gp,-50.0,probability_threshold,0.4,0.695577867976928,0.7078260869565217,0.7016485292533132,0.616858423051693,0.21946564885496184,0.22333015267175574
dst_only,18,6,bilstm_gp,-50.0,probability_threshold,0.45000000000000007,0.6968632958801498,0.6468926553672316,0.6709488393058373,0.5833911096107554,0.21956106870229009,0.20381679389312976
dst_only,24,1,persistence,-20.0,point_threshold,,0.9655285190999476,0.9624437634478712,0.9639836734693877,0.8488563316240413,0.7629589095612377,0.7605213411600835
dst_only,24,2,persistence,-20.0,point_threshold,,0.9436813186813187,0.9379754242246928,0.9408197202386774,0.7505371107578932,0.7651477464928863,0.7605213411600835
dst_only,24,3,persistence,-20.0,point_threshold,,0.9297488226059655,0.9214313496693893,0.9255714006641922,0.6848309173155918,0.767386329718436,0.7605213411600835
dst_only,24,4,persistence,-20.0,point_threshold,,0.918694400837258,0.9078275483162045,0.9132286485256348,0.6308901380558525,0.7696249129439857,0.7605213411600835
dst_only,24,5,persistence,-20.0,point_threshold,,0.9101255886970173,0.896982980917999,0.9035064935064935,0.5878263223422006,0.771664510993931,0.7605213411600835
dst_only,24,6,persistence,-20.0,point_threshold,,0.9024725274725275,0.8868106440416506,0.89457304026454,0.5475643649304108,0.7739528405133818,0.7605213411600835
dst_only,24,1,bilstm,-20.0,point_threshold,,0.9441407477222746,0.9797222403338333,0.9616024574427237,0.8306233007774161,0.7629589095612377,0.791712267436076
dst_only,24,2,bilstm,-20.0,point_threshold,,0.923110447017806,0.9639815356608803,0.9431033934421016,0.7430082917738264,0.7651477464928863,0.7990249726395383
dst_only,24,3,bilstm,-20.0,point_threshold,,0.9088324371098337,0.9531959030208739,0.9304856826451511,0.6798812081300306,0.767386329718436,0.8048452890259675
dst_only,24,4,bilstm,-20.0,point_threshold,,0.8982499232422475,0.9455109559821602,0.9212747197380022,0.6309586652661251,0.7696249129439857,0.8101183961794847
dst_only,24,5,bilstm,-20.0,point_threshold,,0.8925736787054698,0.9352114492006188,0.9133952463403117,0.5919037230240128,0.771664510993931,0.8085265147746493
dst_only,24,6,bilstm,-20.0,point_threshold,,0.8799782766111514,0.9373312765136907,0.907749766573296,0.5492289245191504,0.7739528405133818,0.8243955825291016
dst_only,24,1,bilstm_gp,-20.0,probability_threshold,0.5,0.9668631303208907,0.9626393688465802,0.9647466265886888,0.8523537549755233,0.7629589095612377,0.7596259078698637
dst_only,24,2,bilstm_gp,-20.0,probability_threshold,0.45000000000000007,0.9211399937362982,0.9561146869514335,0.9383015376762586,0.7228941295554182,0.7651477464928863,0.7941995821311312
dst_only,24,3,bilstm_gp,-20.0,probability_threshold,0.45000000000000007,0.9099618057729635,0.9421107221573966,0.9257572379526706,0.6635270639953572,0.767386329718436,0.7944980598945378
dst_only,24,4,bilstm_gp,-20.0,probability_threshold,0.55,0.8895044258445234,0.9548186930385884,0.9210050501901614,0.6205969795190451,0.7696249129439857,0.8261367028156402
dst_only,24,5,bilstm_gp,-20.0,probability_threshold,0.45000000000000007,0.8768607836131952,0.9493295513151109,0.911657277285953,0.5646686851572773,0.771664510993931,0.8354392597751468
dst_only,24,6,bilstm_gp,-20.0,probability_threshold,0.5,0.8806724736553573,0.9292968247846767,0.9043315089913996,0.5385371905390675,0.7739528405133818,0.8166849069744304
dst_only,24,1,persistence,-50.0,point_threshold,,0.8851424842288449,0.8851424842288449,0.8851424842288449,0.851088953109851,0.2286837130633768,0.2286837130633768
dst_only,24,2,persistence,-50.0,point_threshold,,0.814226669567109,0.814226669567109,0.814226669567109,0.7591476627950999,0.2286837130633768,0.2286837130633768
dst_only,24,3,persistence,-50.0,point_threshold,,0.7635414400696107,0.7635414400696107,0.7635414400696107,0.6934350227848638,0.2286837130633768,0.2286837130633768
dst_only,24,4,persistence,-50.0,point_threshold,,0.7237328692625625,0.7235754675946063,0.7236541598694943,0.6417102157493798,0.22873345935727787,0.2286837130633768
dst_only,24,5,persistence,-50.0,point_threshold,,0.6908853600174026,0.6904347826086956,0.6906599978253778,0.5989065890292207,0.2288329519450801,0.2286837130633768
dst_only,24,6,persistence,-50.0,point_threshold,,0.664563845986513,0.6638418079096046,0.6642026307207305,0.5645737170299999,0.2289324445328823,0.2286837130633768
dst_only,24,1,bilstm,-50.0,point_threshold,,0.9661343612334802,0.7633239068958017,0.8528375258233079,0.8245656018322498,0.2286837130633768,0.18067853944881107
dst_only,24,2,bilstm,-50.0,point_threshold,,0.9276470588235294,0.6860996301936045,0.7887957984244092,0.7508890166671622,0.2286837130633768,0.16913739926375485
dst_only,24,3,bilstm,-50.0,point_threshold,,0.9124438742783836,0.6188818794866217,0.7375243033052495,0.6975703129185594,0.2286837130633768,0.15510894438364342
dst_only,24,4,bilstm,-50.0,point_threshold,,0.8945741758241759,0.5665506742061766,0.6937416777629827,0.6524706809645036,0.22873345935727787,0.1448612078400159
dst_only,24,5,bilstm,-50.0,point_threshold,,0.8849294729027468,0.5182608695652174,0.6536879627090759,0.6144104279778271,0.2288329519450801,0.13401651576957516
dst_only,24,6,bilstm,-50.0,point_threshold,,0.8741564112743152,0.4784876140808344,0.6184524645414969,0.5812703878858086,0.2289324445328823,0.1253109143368819
dst_only,24,1,bilstm_gp,-50.0,probability_threshold,0.4,0.8863879957127545,0.8994996737002393,0.8928957028719499,0.8608771353512743,0.2286837130633768,0.23206646104865186
dst_only,24,2,bilstm_gp,-50.0,probability_threshold,0.45000000000000007,0.8147252747252747,0.8063954753099848,0.8105389745271674,0.7547569538075287,0.2286837130633768,0.22634563725002488
dst_only,24,3,bilstm_gp,-50.0,probability_threshold,0.45000000000000007,0.7768722466960353,0.7672395040243637,0.7720258290467331,0.705003543188701,0.2286837130633768,0.22584817431101384
dst_only,24,4,bilstm_gp,-50.0,probability_threshold,0.45000000000000007,0.7827859026612323,0.710091344062636,0.7446687193522636,0.6749667135790868,0.22873345935727787,0.20749179186150632
dst_only,24,5,bilstm_gp,-50.0,probability_threshold,0.35,0.6491696888719222,0.7393478260869565,0.6913304197581055,0.5940661341907709,0.2288329519450801,0.2606208337478858
dst_only,24,6,bilstm_gp,-50.0,probability_threshold,0.4,0.6364712847838958,0.7007822685788787,0.6670803599131244,0.5631094991478827,0.2289324445328823,0.25206447119689585
dst_v,6,1,persistence,-20.0,point_threshold,,0.9625529761528243,0.9591553734635991,0.9608511713076971,0.8702105345275161,0.6996383841947433,0.697168812841771
dst_v,6,2,persistence,-20.0,point_threshold,,0.9385792902776899,0.9326796153120875,0.9356201525947412,0.7858956950613298,0.7015787616863645,0.697168812841771
dst_v,6,3,persistence,-20.0,point_threshold,,0.9233348092858499,0.9150003134206732,0.9191486682198854,0.7302827378645798,0.7035191391779856,0.697168812841771
dst_v,6,4,persistence,-20.0,point_threshold,,0.9115693592257574,0.9005749281339832,0.9060387916129641,0.6854704892743958,0.7056800141118363,0.697168812841771
dst_v,6,5,persistence,-20.0,point_threshold,,0.9023341134796635,0.8889512058328659,0.8955926670015067,0.6494001356184022,0.7076644910919033,0.697168812841771
dst_v,6,6,persistence,-20.0,point_threshold,,0.893857929027769,0.878083638849189,0.8859005704971475,0.6156182157273383,0.7096930675604163,0.697168812841771
dst_v,6,1,bilstm,-20.0,point_threshold,,0.9550701253568326,0.9700598802395209,0.9625066449857719,0.8731711950213183,0.6996383841947433,0.7106191568177809
dst_v,6,2,bilstm,-20.0,point_threshold,,0.9334662347371044,0.9418568106103463,0.937642752104127,0.7889121065781695,0.7015787616863645,0.707884988534133
dst_v,6,3,bilstm,-20.0,point_threshold,,0.9158284480098735,0.9302952422741804,0.923005162012563,0.7356505506035725,0.7035191391779856,0.7146322102663609
dst_v,6,4,bilstm,-20.0,point_threshold,,0.9054621848739496,0.9157605299337582,0.9105822407257814,0.6921442592377016,0.7056800141118363,0.7137061210089963
dst_v,6,5,bilstm,-20.0,point_threshold,,0.8946045370938075,0.9092665295693899,0.9018759464721698,0.6578721795441074,0.7076644910919033,0.719262656553184
dst_v,6,6,bilstm,-20.0,point_threshold,,0.8856012176560122,0.903871248368856,0.8946429669721385,0.6282028701043532,0.7096930675604163,0.7243340977244664
dst_v,6,1,bilstm_gp,-20.0,probability_threshold,0.45000000000000007,0.9565434565434565,0.9656476520642925,0.9610739939148709,0.8690676107681349,0.6996383841947433,0.7062974069500794
dst_v,6,2,bilstm_gp,-20.0,probability_threshold,0.5,0.9340735164973027,0.9360110629203595,0.935041285987881,0.7817986658750817,0.7015787616863645,0.7030340448050802
dst_v,6,3,bilstm_gp,-20.0,probability_threshold,0.45000000000000007,0.903974908016165,0.9394471259324265,0.9213697282675519,0.7237745991963825,0.7035191391779856,0.7311254189451403
dst_v,6,4,bilstm_gp,-20.0,probability_threshold,0.5,0.8886831890116452,0.9299462567179103,0.9088466119033805,0.6747197959986069,0.7056800141118363,0.7384459340271653
dst_v,6,5,bilstm_gp,-20.0,probability_threshold,0.55,0.8829546806232901,0.9251573502835421,0.903563494720185,0.6527031935210361,0.7076644910919033,0.7414887987299348
dst_v,6,6,bilstm_gp,-20.0,probability_threshold,0.5,0.8622899705525723,0.9279811097992916,0.893930324434335,0.6044805308039843,0.7096930675604163,0.7637590403951314
dst_v,6,1,persistence,-50.0,point_threshold,,0.8851424842288449,0.8851424842288449,0.8851424842288449,0.8559373290764581,0.2027253483859587,0.2027253483859587
dst_v,6,2,persistence,-50.0,point_threshold,,0.814226669567109,0.814226669567109,0.814226669567109,0.7669895436198774,0.2027253483859587,0.2027253483859587
dst_v,6,3,persistence,-50.0,point_threshold,,0.7635414400696107,0.7635414400696107,0.7635414400696107,0.7034164331555114,0.2027253483859587,0.2027253483859587
dst_v,6,4,persistence,-50.0,point_threshold,,0.7237328692625625,0.7235754675946063,0.7236541598694943,0.6533773188013356,0.20276944787440465,0.2027253483859587
dst_v,6,5,persistence,-50.0,point_threshold,,0.6908853600174026,0.6904347826086956,0.6906599978253778,0.6119710815444991,0.20285764685129654,0.2027253483859587
dst_v,6,6,persistence,-50.0,point_threshold,,0.664563845986513,0.6638418079096046,0.6642026307207305,0.578760371671745,0.2029458458281884,0.2027253483859587
dst_v,6,1,bilstm,-50.0,point_threshold,,0.976218787158145,0.7143789427887753,0.8250219821630449,0.8029952852716404,0.2027253483859587,0.14835067913212208
dst_v,6,2,bilstm,-50.0,point_threshold,,0.9404536862003781,0.6493365238198825,0.7682408956376271,0.7402907881246353,0.2027253483859587,0.1399717763273946
dst_v,6,3,bilstm,-50.0,point_threshold,,0.9131002940215616,0.6080052207961714,0.7299556019848524,0.6980188299743274,0.2027253483859587,0.13498853413300405
dst_v,6,4,bilstm,-50.0,point_threshold,,0.8913857677902621,0.569377990430622,0.6948905109489051,0.6606531113608507,0.20276944787440465,0.12952019756570823
dst_v,6,5,bilstm,-50.0,point_threshold,,0.8783587509077705,0.5258695652173913,0.65787326624966,0.6245654116779416,0.20285764685129654,0.12144999118010232
dst_v,6,6,bilstm,-50.0,point_threshold,,0.86651144741948,0.4852238157322903,0.622092213400195,0.5907719286368267,0.2029458458281884,0.113644381725172
dst_v,6,1,bilstm_gp,-50.0,probability_threshold,0.45000000000000007,0.9052442043664191,0.8749184250598216,0.8898230088495576,0.8625992379240207,0.2027253483859587,0.19593402716528488
dst_v,6,2,bilstm_gp,-50.0,probability_threshold,0.45000000000000007,0.8390671900253983,0.7905155536219274,0.8140681003584229,0.7690732543587822,0.2027253483859587,0.19099488445934026
dst_v,6,3,bilstm_gp,-50.0,probability_threshold,0.45000000000000007,0.786016477399243,0.7678921035457907,0.7768485915492958,0.7210115808797604,0.2027253483859587,0.19805080261068972
dst_v,6,4,bilstm_gp,-50.0,probability_threshold,0.45000000000000007,0.744994246260069,0.7040017398869074,0.7239181482723918,0.6565804714613116,0.20276944787440465,0.19161227729758334
dst_v,6,5,bilstm_gp,-50.0,probability_threshold,0.45000000000000007,0.7670961347869177,0.6730434782608695,0.7169986104678092,0.6529075609103524,0.20285764685129654,0.17798553536778974
dst_v,6,6,bilstm_gp,-50.0,probability_threshold,0.5,0.7106887188348556,0.6255975662755324,0.6654339535421241,0.5887661310892036,0.2029458458281884,0.17864702769447874
dst_v,12,1,persistence,-20.0,point_threshold,,0.963550326128661,0.9604793472718001,0.9620123858775458,0.8653577349253272,0.7190393253277111,0.716747639563663
dst_v,12,2,persistence,-20.0,point_threshold,,0.9402736922880164,0.9346554792779049,0.9374561683136755,0.7775511097736828,0.7210560088000734,0.716747639563663
dst_v,12,3,persistence,-20.0,point_threshold,,0.9256298759432152,0.9171260216688842,0.921358327233379,0.7191791733708776,0.7233935282794023,0.716747639563663
dst_v,12,4,persistence,-20.0,point_threshold,,0.9141833994116895,0.9029813036887316,0.9085478233238005,0.6721834538331649,0.7256393803281694,0.716747639563663
dst_v,12,5,persistence,-20.0,point_threshold,,0.9053587415270495,0.8917863441672965,0.8985212921241353,0.6349922246440247,0.7276560638005317,0.716747639563663
dst_v,12,6,persistence,-20.0,point_threshold,,0.8973653919938611,0.8813591257379726,0.8892902408111534,0.6003580022132208,0.7297644147034559,0.716747639563663
dst_v,12,1,bilstm,-20.0,point_threshold,,0.9468111609367215,0.969020907700153,0.9577872983870968,0.8459271899859154,0.7190393253277111,0.7359061325511046
dst_v,12,2,bilstm,-20.0,point_threshold,,0.9325366717248356,0.9375158911772185,0.9350196525928743,0.7654696749626192,0.7210560088000734,0.724906040883674
dst_v,12,3,bilstm,-20.0,point_threshold,,0.9123988385741645,0.93575365900019,0.9239286831404442,0.7163841160178578,0.7233935282794023,0.7419103492529104
dst_v,12,4,bilstm,-20.0,point_threshold,,0.9101372288623285,0.9090449722081859,0.9095907726339074,0.6709970739057126,0.7256393803281694,0.7247685397378312
dst_v,12,5,bilstm,-20.0,point_threshold,,0.8937627244123635,0.9125094482237339,0.9030388031790556,0.6343084647159631,0.7276560638005317,0.7429186909890916
dst_v,12,6,bilstm,-20.0,point_threshold,,0.8920813771517997,0.8950508730059038,0.8935636580242656,0.6043712368860034,0.7297644147034559,0.7321936016133468
dst_v,12,1,bilstm_gp,-20.0,probability_threshold,0.45000000000000007,0.9568345323741008,0.9664711881693013,0.9616287182089174,0.8617949263066158,0.7190393253277111,0.7262810523421028
dst_v,12,2,bilstm_gp,-20.0,probability_threshold,0.5,0.9299235301491788,0.9430460208492245,0.9364388057817332,0.7681848193931045,0.7210560088000734,0.7312310935924466
dst_v,12,3,bilstm_gp,-20.0,probability_threshold,0.5,0.9166145377205055,0.9284039789647088,0.9224715918033303,0.7151497896927108,0.7233935282794023,0.7326977724814373
dst_v,12,4,bilstm_gp,-20.0,probability_threshold,0.45000000000000007,0.8846383029436301,0.9377210712481051,0.9104065738639848,0.6505068434159426,0.7256393803281694,0.769181409845082
dst_v,12,5,bilstm_gp,-20.0,probability_threshold,0.5,0.8814191220685508,0.9232804232804233,0.9018642712114686,0.61840959281993,0.7276560638005317,0.762214685122376
dst_v,12,6,bilstm_gp,-20.0,probability_threshold,0.5,0.8719290940455654,0.9206129883180505,0.8956099349280543,0.5865932732246004,0.7297644147034559,0.7705105875882299
dst_v,12,1,persistence,-50.0,point_threshold,,0.8851424842288449,0.8851424842288449,0.8851424842288449,0.8544822438246872,0.21069758914657621,0.21069758914657621
dst_v,12,2,persistence,-50.0,point_threshold,,0.814226669567109,0.814226669567109,0.814226669567109,0.7646360534588691,0.21069758914657621,0.21069758914657621
dst_v,12,3,persistence,-50.0,point_threshold,,0.7635414400696107,0.7635414400696107,0.7635414400696107,0.7004208315102936,0.21069758914657621,0.21069758914657621
dst_v,12,4,persistence,-50.0,point_threshold,,0.7237328692625625,0.7235754675946063,0.7236541598694943,0.6498758215678837,0.21074342286185718,0.21069758914657621
dst_v,12,5,persistence,-50.0,point_threshold,,0.6908853600174026,0.6904347826086956,0.6906599978253778,0.6080502290195283,0.2108350902924191,0.21069758914657621
dst_v,12,6,persistence,-50.0,point_threshold,,0.664563845986513,0.6638418079096046,0.6642026307207305,0.5745027686150002,0.21092675772298103,0.21069758914657621
dst_v,12,1,bilstm,-50.0,point_threshold,,0.91024138739161,0.8448988470741788,0.8763537906137184,0.845811919761373,0.21069758914657621,0.1955724631038592
dst_v,12,2,bilstm,-50.0,point_threshold,,0.8578998073217726,0.7748531651076789,0.8142644873699851,0.7693926950693484,0.21069758914657621,0.19030158584654872
dst_v,12,3,bilstm,-50.0,point_threshold,,0.8214814814814815,0.7237328692625625,0.7695154388805366,0.7150630159020501,0.21069758914657621,0.18562654688789074
dst_v,12,4,bilstm,-50.0,point_threshold,,0.8196632265073329,0.6563723357981731,0.7289855072463768,0.6727366954430907,0.21074342286185718,0.1687597396644972
dst_v,12,5,bilstm,-50.0,point_threshold,,0.8096483580354548,0.6056521739130435,0.6929486382290759,0.6352447914035889,0.2108350902924191,0.15771381428178569
dst_v,12,6,bilstm,-50.0,point_threshold,,0.810064935064935,0.5421555845284659,0.649570424368654,0.5954101558693137,0.21092675772298103,0.14116784306535887
dst_v,12,1,bilstm_gp,-50.0,probability_threshold,0.45000000000000007,0.8883516483516484,0.8792690885360017,0.8837870340002186,0.8529846673005063,0.21069758914657621,0.20854340452837106
dst_v,12,2,bilstm_gp,-50.0,probability_threshold,0.5,0.8473659454374413,0.7837720252338481,0.814329302746073,0.768107412061684,0.21069758914657621,0.19488495737464478
dst_v,12,3,bilstm_gp,-50.0,probability_threshold,0.45000000000000007,0.7812569398178992,0.7652817054600827,0.7731868131868131,0.7134919129063892,0.21069758914657621,0.20638921991016593
dst_v,12,4,bilstm_gp,-50.0,probability_threshold,0.5,0.7799897907095457,0.6646367986080904,0.7177078440582433,0.6530100255190965,0.21074342286185718,0.17957649647080393
dst_v,12,5,bilstm_gp,-50.0,probability_threshold,0.45000000000000007,0.7006996064713599,0.6967391304347826,0.6987137562677131,0.6185142715039328,0.2108350902924191,0.20964341369511413
dst_v,12,6,bilstm_gp,-50.0,probability_threshold,0.45000000000000007,0.6722503857174345,0.662755323772273,0.6674690885217202,0.5794035563988008,0.21092675772298103,0.20794756622971858
dst_v,18,1,persistence,-20.0,point_threshold,,0.964763690437706,0.9614071258295213,0.9630824835420163,0.8584559598321757,0.7405057251908397,0.7379293893129771
dst_v,18,2,persistence,-20.0,point_threshold,,0.9423288291200621,0.9362153134635149,0.9392621234090542,0.7661552669501391,0.7427480916030534,0.7379293893129771
dst_v,18,3,persistence,-20.0,point_threshold,,0.9277817288420508,0.9190470090944025,0.923393713200991,0.703860750844398,0.7449427480916031,0.7379293893129771
dst_v,18,4,persistence,-20.0,point_threshold,,0.9164673175147088,0.9052302190433617,0.9108141103900276,0.653859805330689,0.7470896946564886,0.7379293893129771
dst_v,18,5,persistence,-20.0,point_threshold,,0.9078683649059287,0.8942809833142275,0.9010234527896307,0.6144024585758882,0.7491412213740458,0.7379293893129771
dst_v,18,6,persistence,-20.0,point_threshold,,0.899980603866296,0.8842025026996125,0.8920217878884973,0.5778049668386837,0.7510973282442748,0.7379293893129771
dst_v,18,1,bilstm,-20.0,point_threshold,,0.9277713870557607,0.9873075188454352,0.9566140208502404,0.8236780203620988,0.7405057251908397,0.7880248091603054
dst_v,18,2,bilstm,-20.0,point_threshold,,0.9110092849391053,0.9705806783144912,0.9398519624308017,0.7495754099262144,0.7427480916030534,0.7913167938931298
dst_v,18,3,bilstm,-20.0,point_threshold,,0.898509071313095,0.9610605866530038,0.9287327866315952,0.6976428021631194,0.7449427480916031,0.7968034351145038
dst_v,18,4,bilstm,-20.0,point_threshold,,0.8896786524907419,0.9512101666773102,0.919416067405327,0.6535316727327715,0.7470896946564886,0.7987595419847329
dst_v,18,5,bilstm,-20.0,point_threshold,,0.884270870655679,0.9430645777607948,0.9127218934911243,0.621387379360082,0.7491412213740458,0.7989503816793894
dst_v,18,6,bilstm,-20.0,point_threshold,,0.8777546777546777,0.9386393952867941,0.9071766222604212,0.5917824638727549,0.7510973282442748,0.8031965648854962
dst_v,18,1,bilstm_gp,-20.0,probability_threshold,0.45000000000000007,0.9577142857142857,0.9718445976419046,0.964727702983595,0.8615297012048366,0.7405057251908397,0.7514312977099237
dst_v,18,2,bilstm_gp,-20.0,probability_threshold,0.5,0.9340401218892839,0.9450796505652621,0.9395274584929757,0.7610779951148607,0.7427480916030534,0.7515267175572519
dst_v,18,3,bilstm_gp,-20.0,probability_threshold,0.45000000000000007,0.905461670340436,0.9470987575252978,0.925812308270206,0.6917815247298489,0.7449427480916031,0.7791984732824427
dst_v,18,4,bilstm_gp,-20.0,probability_threshold,0.5,0.8983838008545421,0.9264959448240628,0.9122233400402414,0.6376869258424381,0.7470896946564886,0.7704675572519084
dst_v,18,5,bilstm_gp,-20.0,probability_threshold,0.5,0.8899638723899332,0.9256145713921793,0.9074392033215746,0.6101530909260734,0.7491412213740458,0.7791507633587786
dst_v,18,6,bilstm_gp,-20.0,probability_threshold,0.5,0.8709715922654572,0.9270151813504415,0.8981199421520663,0.5534990606755367,0.7510973282442748,0.7994274809160306
dst_v,18,1,persistence,-50.0,point_threshold,,0.8851424842288449,0.8851424842288449,0.8851424842288449,0.8528745626985632,0.21932251908396946,0.21932251908396946
dst_v,18,2,persistence,-50.0,point_threshold,,0.814226669567109,0.814226669567109,0.814226669567109,0.7620357510313881,0.21932251908396946,0.21932251908396946
dst_v,18,3,persistence,-50.0,point_threshold,,0.7635414400696107,0.7635414400696107,0.7635414400696107,0.697111078888898,0.21932251908396946,0.21932251908396946
dst_v,18,4,persistence,-50.0,point_threshold,,0.7237328692625625,0.7235754675946063,0.7236541598694943,0.6460071084912252,0.2193702290076336,0.21932251908396946
dst_v,18,5,persistence,-50.0,point_threshold,,0.6908853600174026,0.6904347826086956,0.6906599978253778,0.6037181560814556,0.21946564885496184,0.21932251908396946
dst_v,18,6,persistence,-50.0,point_threshold,,0.664563845986513,0.6638418079096046,0.6642026307207305,0.5697985993476393,0.21956106870229009,0.21932251908396946
dst_v,18,1,bilstm,-50.0,point_threshold,,0.9678670360110804,0.7600609092886665,0.8514682588034604,0.8251711890905071,0.21932251908396946,0.17223282442748092
dst_v,18,2,bilstm,-50.0,point_threshold,,0.934697562443575,0.6756580378507723,0.7843434343434343,0.7504282239060539,0.21932251908396946,0.15854007633587786
dst_v,18,3,bilstm,-50.0,point_threshold,,0.9130434782608695,0.6212747443985208,0.7394174757281553,0.702167495859113,0.21932251908396946,0.14923664122137403
dst_v,18,4,bilstm,-50.0,point_threshold,,0.9008321775312067,0.5650282731622445,0.6944667201283079,0.6577739546666908,0.2193702290076336,0.13759541984732823
dst_v,18,5,bilstm,-50.0,point_threshold,,0.8892988929889298,0.5239130434782608,0.6593707250341997,0.6236495622181116,0.21946564885496184,0.129293893129771
dst_v,18,6,bilstm,-50.0,point_threshold,,0.8781446540880503,0.48544111255975664,0.6252448922474111,0.5913228639720215,0.21956106870229009,0.12137404580152672
dst_v,18,1,bilstm_gp,-50.0,probability_threshold,0.45000000000000007,0.8774207278144286,0.8968892756145312,0.8870481927710844,0.8549532499611732,0.21932251908396946,0.22418893129770992
dst_v,18,2,bilstm_gp,-50.0,probability_threshold,0.4,0.8076355199325037,0.8329345225146835,0.8200899550224887,0.7686948080696762,0.21932251908396946,0.22619274809160306
dst_v,18,3,bilstm_gp,-50.0,probability_threshold,0.4,0.7485537190082645,0.7881226887100283,0.7678287591395571,0.7008227036921514,0.21932251908396946,0.23091603053435114
dst_v,18,4,bilstm_gp,-50.0,probability_threshold,0.4,0.7367061356297093,0.7442366246193998,0.7404522341231202,0.6670533095269768,0.2193702290076336,0.22161259541984732
dst_v,18,5,bilstm_gp,-50.0,probability_threshold,0.45000000000000007,0.7117137141587019,0.6960869565217391,0.7038136058907573,0.6217769523217279,0.21946564885496184,0.2146469465648855
dst_v,18,6,bilstm_gp,-50.0,probability_threshold,0.4,0.6707265854682907,0.6940460669274229,0.6821870995301154,0.590952760810527,0.21956106870229009,0.2271946564885496
dst_v,24,1,persistence,-20.0,point_threshold,,0.9655285190999476,0.9624437634478712,0.9639836734693877,0.8488563316240413,0.7629589095612377,0.7605213411600835
dst_v,24,2,persistence,-20.0,point_threshold,,0.9436813186813187,0.9379754242246928,0.9408197202386774,0.7505371107578932,0.7651477464928863,0.7605213411600835
dst_v,24,3,persistence,-20.0,point_threshold,,0.9297488226059655,0.9214313496693893,0.9255714006641922,0.6848309173155918,0.767386329718436,0.7605213411600835
dst_v,24,4,persistence,-20.0,point_threshold,,0.918694400837258,0.9078275483162045,0.9132286485256348,0.6308901380558525,0.7696249129439857,0.7605213411600835
dst_v,24,5,persistence,-20.0,point_threshold,,0.9101255886970173,0.896982980917999,0.9035064935064935,0.5878263223422006,0.771664510993931,0.7605213411600835
dst_v,24,6,persistence,-20.0,point_threshold,,0.9024725274725275,0.8868106440416506,0.89457304026454,0.5475643649304108,0.7739528405133818,0.7605213411600835
dst_v,24,1,bilstm,-20.0,point_threshold,,0.9507426685286277,0.9765925539544892,0.963494258788717,0.8405165873809445,0.7629589095612377,0.7837031141179982
dst_v,24,2,bilstm,-20.0,point_threshold,,0.932128131937837,0.9553995188869384,0.9436203685866564,0.751013455401998,0.7651477464928863,0.7842503233509104
dst_v,24,3,bilstm,-20.0,point_threshold,,0.9167452681883921,0.945092700635291,0.9307031823550066,0.6879758038861876,0.767386329718436,0.7911153119092628
dst_v,24,4,bilstm,-20.0,point_threshold,,0.9045369794903667,0.9407278133281624,0.9222774943759704,0.641639423156139,0.7696249129439857,0.8004178688687693
dst_v,24,5,bilstm,-20.0,point_threshold,,0.892756292203806,0.9375322331098505,0.9145965662536948,0.5963452873282461,0.771664510993931,0.8103671276489901
dst_v,24,6,bilstm,-20.0,point_threshold,,0.8826060606060606,0.9360457642370484,0.9085407698546385,0.5559758703405688,0.7739528405133818,0.8208138493682221
dst_v,24,1,bilstm_gp,-20.0,probability_threshold,0.4,0.9540705822397758,0.9765273521549195,0.9651683583051394,0.848444284113058,0.7629589095612377,0.7809173216595363
dst_v,24,2,bilstm_gp,-20.0,probability_threshold,0.55,0.9295215280842212,0.9586502828164619,0.9438612213545,0.750107456908986,0.7651477464928863,0.7891254601532186
dst_v,24,3,bilstm_gp,-20.0,probability_threshold,0.4,0.8951324483239377,0.9572799170232076,0.925163675093193,0.646804332250942,0.767386329718436,0.8206646104865187
dst_v,24,4,bilstm_gp,-20.0,probability_threshold,0.5,0.9025407660219947,0.9230172580957922,0.9126641740964433,0.6069155623382658,0.7696249129439857,0.7870858621032734
dst_v,24,5,bilstm_gp,-20.0,probability_threshold,0.55,0.8884907379289402,0.9430763280041259,0.9149701347843763,0.5921729913832359,0.771664510993931,0.8190727290816834
dst_v,24,6,bilstm_gp,-20.0,probability_threshold,0.5,0.8836288308048498,0.9321892274071217,0.9072597041068469,0.5530882666094034,0.7739528405133818,0.816485921798826
dst_v,24,1,persistence,-50.0,point_threshold,,0.8851424842288449,0.8851424842288449,0.8851424842288449,0.851088953109851,0.2286837130633768,0.2286837130633768
dst_v,24,2,persistence,-50.0,point_threshold,,0.814226669567109,0.814226669567109,0.814226669567109,0.7591476627950999,0.2286837130633768,0.2286837130633768
dst_v,24,3,persistence,-50.0,point_threshold,,0.7635414400696107,0.7635414400696107,0.7635414400696107,0.6934350227848638,0.2286837130633768,0.2286837130633768
dst_v,24,4,persistence,-50.0,point_threshold,,0.7237328692625625,0.7235754675946063,0.7236541598694943,0.6417102157493798,0.22873345935727787,0.2286837130633768
dst_v,24,5,persistence,-50.0,point_threshold,,0.6908853600174026,0.6904347826086956,0.6906599978253778,0.5989065890292207,0.2288329519450801,0.2286837130633768
dst_v,24,6,persistence,-50.0,point_threshold,,0.664563845986513,0.6638418079096046,0.6642026307207305,0.5645737170299999,0.2289324445328823,0.2286837130633768
dst_v,24,1,bilstm,-50.0,point_threshold,,0.9594771241830066,0.7983467478790516,0.871526953217763,0.8435081683611702,0.2286837130633768,0.1902795741717242
dst_v,24,2,bilstm,-50.0,point_threshold,,0.9093630919978225,0.7267783336958886,0.8078829645750212,0.7664537515788472,0.2286837130633768,0.18276788379265746
dst_v,24,3,bilstm,-50.0,point_threshold,,0.8910573842120594,0.6654339786817489,0.761892901618929,0.7157334608637287,0.2286837130633768,0.17077902696249128
dst_v,24,4,bilstm,-50.0,point_threshold,,0.8801261829652997,0.606785558938669,0.7183316168898043,0.6710444819913791,0.22873345935727787,0.15769575166650085
dst_v,24,5,bilstm,-50.0,point_threshold,,0.8663532572196104,0.5608695652173913,0.6809184481393508,0.6328783590317169,0.2288329519450801,0.1481444632374888
dst_v,24,6,bilstm,-50.0,point_threshold,,0.8533901313454029,0.5223815732290309,0.6480657770589028,0.6000146577851188,0.2289324445328823,0.140135309919411
dst_v,24,1,bilstm_gp,-50.0,probability_threshold,0.4,0.8846727776593477,0.9027626713073744,0.8936261843238588,0.8617475104903954,0.2286837130633768,0.23335986469008058
dst_v,24,2,bilstm_gp,-50.0,probability_threshold,0.45000000000000007,0.8512150389729481,0.8077006743528388,0.8288871525839937,0.780311141987685,0.2286837130633768,0.21699333399661724
dst_v,24,3,bilstm_gp,-50.0,probability_threshold,0.45000000000000007,0.7743623283191629,0.7726778333695888,0.7735191637630662,0.7064664564175762,0.2286837130633768,0.22818625012436575
dst_v,24,4,bilstm_gp,-50.0,probability_threshold,0.45000000000000007,0.7318591670244741,0.7414093083949543,0.7366032843560933,0.6578536058774396,0.22873345935727787,0.23171823699134414
dst_v,24,5,bilstm_gp,-50.0,probability_threshold,0.4,0.7096362476068921,0.7252173913043478,0.7173422212665305,0.6323457260667721,0.2288329519450801,0.23385732762909164
dst_v,24,6,bilstm_gp,-50.0,probability_threshold,0.45000000000000007,0.6912350597609562,0.6786179921773142,0.6848684210526316,0.5924614623091988,0.2289324445328823,0.22475375584518953
dst_bz,6,1,persistence,-20.0,point_threshold,,0.9625529761528243,0.9591553734635991,0.9608511713076971,0.8702105345275161,0.6996383841947433,0.697168812841771
dst_bz,6,2,persistence,-20.0,point_threshold,,0.9385792902776899,0.9326796153120875,0.9356201525947412,0.7858956950613298,0.7015787616863645,0.697168812841771
dst_bz,6,3,persistence,-20.0,point_threshold,,0.9233348092858499,0.9150003134206732,0.9191486682198854,0.7302827378645798,0.7035191391779856,0.697168812841771
dst_bz,6,4,persistence,-20.0,point_threshold,,0.9115693592257574,0.9005749281339832,0.9060387916129641,0.6854704892743958,0.7056800141118363,0.697168812841771
dst_bz,6,5,persistence,-20.0,point_threshold,,0.9023341134796635,0.8889512058328659,0.8955926670015067,0.6494001356184022,0.7076644910919033,0.697168812841771
dst_bz,6,6,persistence,-20.0,point_threshold,,0.893857929027769,0.878083638849189,0.8859005704971475,0.6156182157273383,0.7096930675604163,0.697168812841771
dst_bz,6,1,bilstm,-20.0,point_threshold,,0.9438331318016928,0.983989914907028,0.9634932880728283,0.8745856868294843,0.6996383841947433,0.7294055388957488
dst_bz,6,2,bilstm,-20.0,point_threshold,,0.9247798286886235,0.9636683638192218,0.9438236833194816,0.8042953228392912,0.7015787616863645,0.7310813194566943
dst_bz,6,3,bilstm,-20.0,point_threshold,,0.906876275051002,0.9474080110324077,0.9266991630644716,0.7414836504806547,0.7035191391779856,0.7349620744399364
dst_bz,6,4,bilstm,-20.0,point_threshold,,0.8933832264195771,0.9399450068741407,0.9160728424386382,0.6993119573677214,0.7056800141118363,0.7424589874757452
dst_bz,6,5,bilstm,-20.0,point_threshold,,0.883517522605047,0.9316383124571571,0.9069400630914827,0.662957549777127,0.7076644910919033,0.7462074439936497
dst_bz,6,6,bilstm,-20.0,point_threshold,,0.8737795966091786,0.9287267756167278,0.9004156876920296,0.6334376942657212,0.7096930675604163,0.7543217498677015
dst_bz,6,1,bilstm_gp,-20.0,probability_threshold,0.45000000000000007,0.9583436801589272,0.9730223763000315,0.9656272479904919,0.8837929393239323,0.6996383841947433,0.7103545598871053
dst_bz,6,2,bilstm_gp,-20.0,probability_threshold,0.45000000000000007,0.9266228230422604,0.9565026085863347,0.941325662676688,0.796982089253504,0.7015787616863645,0.7242017992591286
dst_bz,6,3,bilstm_gp,-20.0,probability_threshold,0.4,0.8968160377358491,0.9534256879583778,0.9242548537052229,0.7290468029930647,0.7035191391779856,0.7479273240430411
dst_bz,6,4,bilstm_gp,-20.0,probability_threshold,0.45000000000000007,0.8807854137447405,0.9418822647169104,0.9103098387389019,0.6738179524344741,0.7056800141118363,0.7546304462868231
dst_bz,6,5,bilstm_gp,-20.0,probability_threshold,0.55,0.8818229994700583,0.9332585530005608,0.9068119891008174,0.661343092469729,0.7076644910919033,0.7489416122772976
dst_bz,6,6,bilstm_gp,-20.0,probability_threshold,0.5,0.8661638309068584,0.9205244516249301,0.892517170743463,0.6038941780712516,0.7096930675604163,0.7542335508908097
dst_bz,6,1,persistence,-50.0,point_threshold,,0.8851424842288449,0.8851424842288449,0.8851424842288449,0.8559373290764581,0.2027253483859587,0.2027253483859587
dst_bz,6,2,persistence,-50.0,point_threshold,,0.814226669567109,0.814226669567109,0.814226669567109,0.7669895436198774,0.2027253483859587,0.2027253483859587
dst_bz,6,3,persistence,-50.0,point_threshold,,0.7635414400696107,0.7635414400696107,0.7635414400696107,0.7034164331555114,0.2027253483859587,0.2027253483859587
dst_bz,6,4,persistence,-50.0,point_threshold,,0.7237328692625625,0.7235754675946063,0.7236541598694943,0.6533773188013356,0.20276944787440465,0.2027253483859587
dst_bz,6,5,persistence,-50.0,point_threshold,,0.6908853600174026,0.6904347826086956,0.6906599978253778,0.6119710815444991,0.20285764685129654,0.2027253483859587
dst_bz,6,6,persistence,-50.0,point_threshold,,0.664563845986513,0.6638418079096046,0.6642026307207305,0.578760371671745,0.2029458458281884,0.2027253483859587
dst_bz,6,1,bilstm,-50.0,point_threshold,,0.9784885366544014,0.7520121818577333,0.8504305043050431,0.8289684093421821,0.2027253483859587,0.15580349267948493
dst_bz,6,2,bilstm,-50.0,point_threshold,,0.9417094533373603,0.6782684359364803,0.7885685381891755,0.7600600937322028,0.2027253483859587,0.14601340624448755
dst_bz,6,3,bilstm,-50.0,point_threshold,,0.9155427103403982,0.6201870785294757,0.7394631046556867,0.7074128429352957,0.2027253483859587,0.13732580702063857
dst_bz,6,4,bilstm,-50.0,point_threshold,,0.9043094672548354,0.5795998260113092,0.7064280980781975,0.6743676921242371,0.20276944787440465,0.12996119245016757
dst_bz,6,5,bilstm,-50.0,point_threshold,,0.8849023090586146,0.5415217391304348,0.6718813216453136,0.6385395832221583,0.20285764685129654,0.12414005997530429
dst_bz,6,6,bilstm,-50.0,point_threshold,,0.8732021196063589,0.5013037809647979,0.6369409166206516,0.6051868209356611,0.2029458458281884,0.1165108484741577
dst_bz,6,1,bilstm_gp,-50.0,probability_threshold,0.4,0.8954191875540191,0.9014574722645203,0.8984281842818428,0.8725000350577665,0.2027253483859587,0.20409243252778267
dst_bz,6,2,bilstm_gp,-50.0,probability_threshold,0.45000000000000007,0.8610456900612341,0.7953012834457255,0.826868709713898,0.7859711337988005,0.2027253483859587,0.18724642794143587
dst_bz,6,3,bilstm_gp,-50.0,probability_threshold,0.45000000000000007,0.8091096360723278,0.7689797694148358,0.7885344635288869,0.7368385940378949,0.2027253483859587,0.19267066502028576
dst_bz,6,4,bilstm_gp,-50.0,probability_threshold,0.4,0.7173333333333334,0.7605480643758156,0.7383088778634013,0.6697476305692323,0.20276944787440465,0.21498500617392838
dst_bz,6,5,bilstm_gp,-50.0,probability_threshold,0.4,0.7472203312911277,0.7158695652173913,0.7312090596202954,0.6648732352105593,0.20285764685129654,0.19434644558123126
dst_bz,6,6,bilstm_gp,-50.0,probability_threshold,0.4,0.6557444194142945,0.6957844415471535,0.6751713231418028,0.5897797065039326,0.2029458458281884,0.21533780208149586
dst_bz,12,1,persistence,-20.0,point_threshold,,0.963550326128661,0.9604793472718001,0.9620123858775458,0.8653577349253272,0.7190393253277111,0.716747639563663
dst_bz,12,2,persistence,-20.0,point_threshold,,0.9402736922880164,0.9346554792779049,0.9374561683136755,0.7775511097736828,0.7210560088000734,0.716747639563663
dst_bz,12,3,persistence,-20.0,point_threshold,,0.9256298759432152,0.9171260216688842,0.921358327233379,0.7191791733708776,0.7233935282794023,0.716747639563663
dst_bz,12,4,persistence,-20.0,point_threshold,,0.9141833994116895,0.9029813036887316,0.9085478233238005,0.6721834538331649,0.7256393803281694,0.716747639563663
dst_bz,12,5,persistence,-20.0,point_threshold,,0.9053587415270495,0.8917863441672965,0.8985212921241353,0.6349922246440247,0.7276560638005317,0.716747639563663
dst_bz,12,6,persistence,-20.0,point_threshold,,0.8973653919938611,0.8813591257379726,0.8892902408111534,0.6003580022132208,0.7297644147034559,0.716747639563663
dst_bz,12,1,bilstm,-20.0,point_threshold,,0.9378640776699029,0.9852116267210607,0.9609549863218105,0.8554343283758882,0.7190393253277111,0.7553396278302319
dst_bz,12,2,bilstm,-20.0,point_threshold,,0.9218418661011815,0.9671370455123316,0.9439463969972391,0.789092599156024,0.7210560088000734,0.7564854707122559
dst_bz,12,3,bilstm,-20.0,point_threshold,,0.9017275390041246,0.9557752011658113,0.9279650590551181,0.7228271622665253,0.7233935282794023,0.7667522229351911
dst_bz,12,4,bilstm,-20.0,point_threshold,,0.8946294629462946,0.941700353713997,0.9175616210727144,0.6811025348804022,0.7256393803281694,0.7638188651572096
dst_bz,12,5,bilstm,-20.0,point_threshold,,0.8848946553981669,0.9365079365079365,0.9099700104045535,0.64645595434295,0.7276560638005317,0.7700980841507012
dst_bz,12,6,bilstm,-20.0,point_threshold,,0.8837097259861487,0.9216178872001005,0.9022658099425093,0.6186990281377509,0.7297644147034559,0.761068842240352
dst_bz,12,1,bilstm_gp,-20.0,probability_threshold,0.5,0.9701099183647233,0.962009178990311,0.9660425668106897,0.8805171762903727,0.7190393253277111,0.7130351086259052
dst_bz,12,2,bilstm_gp,-20.0,probability_threshold,0.45000000000000007,0.936138147566719,0.9476226798881261,0.9418454054395552,0.7883749944140221,0.7210560088000734,0.7299019158492988
dst_bz,12,3,bilstm_gp,-20.0,probability_threshold,0.45000000000000007,0.9064341697551491,0.9452575555977951,0.9254388685565411,0.7171151459069416,0.7233935282794023,0.7543771198093318
dst_bz,12,4,bilstm_gp,-20.0,probability_threshold,0.45000000000000007,0.8943314478276567,0.9387316826680141,0.9159938366718028,0.6758667121602593,0.7256393803281694,0.7616646805390045
dst_bz,12,5,bilstm_gp,-20.0,probability_threshold,0.45000000000000007,0.8737131492746841,0.940854119425548,0.9060414897488779,0.6242879639188562,0.7276560638005317,0.7835731964433037
dst_bz,12,6,bilstm_gp,-20.0,probability_threshold,0.45000000000000007,0.8585616438356164,0.9447305614872503,0.8995873452544704,0.5855685663542204,0.7297644147034559,0.803006691722431
dst_bz,12,1,persistence,-50.0,point_threshold,,0.8851424842288449,0.8851424842288449,0.8851424842288449,0.8544822438246872,0.21069758914657621,0.21069758914657621
dst_bz,12,2,persistence,-50.0,point_threshold,,0.814226669567109,0.814226669567109,0.814226669567109,0.7646360534588691,0.21069758914657621,0.21069758914657621
dst_bz,12,3,persistence,-50.0,point_threshold,,0.7635414400696107,0.7635414400696107,0.7635414400696107,0.7004208315102936,0.21069758914657621,0.21069758914657621
dst_bz,12,4,persistence,-50.0,point_threshold,,0.7237328692625625,0.7235754675946063,0.7236541598694943,0.6498758215678837,0.21074342286185718,0.21069758914657621
dst_bz,12,5,persistence,-50.0,point_threshold,,0.6908853600174026,0.6904347826086956,0.6906599978253778,0.6080502290195283,0.2108350902924191,0.21069758914657621
dst_bz,12,6,persistence,-50.0,point_threshold,,0.664563845986513,0.6638418079096046,0.6642026307207305,0.5745027686150002,0.21092675772298103,0.21069758914657621
dst_bz,12,1,bilstm,-50.0,point_threshold,,0.966711051930759,0.7896454209266913,0.8692528735632183,0.8452556086610715,0.21069758914657621,0.17210560088000734
dst_bz,12,2,bilstm,-50.0,point_threshold,,0.9190005491488193,0.7280835327387427,0.8124772423837845,0.7774784722609287,0.21069758914657621,0.16692639105325877
dst_bz,12,3,bilstm,-50.0,point_threshold,,0.8923611111111112,0.6708723080269741,0.7659257419595182,0.7251793548468637,0.21069758914657621,0.1584013200110001
dst_bz,12,4,bilstm,-50.0,point_threshold,,0.8611438679245284,0.635276207046542,0.7311639549436796,0.6842378565382691,0.21074342286185718,0.15546796223301862
dst_bz,12,5,bilstm,-50.0,point_threshold,,0.8544871794871794,0.5795652173913044,0.6906735751295336,0.6445781391875386,0.2108350902924191,0.1430011916765973
dst_bz,12,6,bilstm,-50.0,point_threshold,,0.8388609715242881,0.5441112559756628,0.6600764465533149,0.6127764475804786,0.21092675772298103,0.13681364011366762
dst_bz,12,1,bilstm_gp,-50.0,probability_threshold,0.4,0.905149647887324,0.8947139438764412,0.8999015425008204,0.8734005792843577,0.21069758914657621,0.2082684022366853
dst_bz,12,2,bilstm_gp,-50.0,probability_threshold,0.45000000000000007,0.8559926386013342,0.8094409397433109,0.8320661896243292,0.7893012193602117,0.21069758914657621,0.19923916032633604
dst_bz,12,3,bilstm_gp,-50.0,probability_threshold,0.4,0.7589469354175237,0.8026974113552316,0.780209324452902,0.7199003719966763,0.21069758914657621,0.2228435236960308
dst_bz,12,4,bilstm_gp,-50.0,probability_threshold,0.4,0.7364206881627353,0.7401043932144411,0.7382579455472394,0.6681511402555521,0.21074342286185718,0.2117975983133193
dst_bz,12,5,bilstm_gp,-50.0,probability_threshold,0.45000000000000007,0.7328139321723189,0.6952173913043478,0.713520749665328,0.6398710394491877,0.2108350902924191,0.2000183334861124
dst_bz,12,6,bilstm_gp,-50.0,probability_threshold,0.4,0.6746706332341691,0.6899174272055628,0.682208852599914,0.596113923750475,0.21092675772298103,0.21569346411220094
dst_bz,18,1,persistence,-20.0,point_threshold,,0.964763690437706,0.9614071258295213,0.9630824835420163,0.8584559598321757,0.7405057251908397,0.7379293893129771
dst_bz,18,2,persistence,-20.0,point_threshold,,0.9423288291200621,0.9362153134635149,0.9392621234090542,0.7661552669501391,0.7427480916030534,0.7379293893129771
dst_bz,18,3,persistence,-20.0,point_threshold,,0.9277817288420508,0.9190470090944025,0.923393713200991,0.703860750844398,0.7449427480916031,0.7379293893129771
dst_bz,18,4,persistence,-20.0,point_threshold,,0.9164673175147088,0.9052302190433617,0.9108141103900276,0.653859805330689,0.7470896946564886,0.7379293893129771
dst_bz,18,5,persistence,-20.0,point_threshold,,0.9078683649059287,0.8942809833142275,0.9010234527896307,0.6144024585758882,0.7491412213740458,0.7379293893129771
dst_bz,18,6,persistence,-20.0,point_threshold,,0.899980603866296,0.8842025026996125,0.8920217878884973,0.5778049668386837,0.7510973282442748,0.7379293893129771
dst_bz,18,1,bilstm,-20.0,point_threshold,,0.9303778276426709,0.988402809097352,0.9585129646985318,0.8318171742927559,0.7405057251908397,0.7866889312977099
dst_bz,18,2,bilstm,-20.0,point_threshold,,0.9180765265902614,0.9725077081192189,0.9445085623381889,0.7704963750429806,0.7427480916030534,0.7867843511450382
dst_bz,18,3,bilstm,-20.0,point_threshold,,0.9056969696969697,0.957089791213014,0.9306844366942766,0.7093435812119339,0.7449427480916031,0.7872137404580153
dst_bz,18,4,bilstm,-20.0,point_threshold,,0.8957114421858978,0.9483364199501884,0.9212730318257957,0.6651280552573028,0.7470896946564886,0.7909828244274809
dst_bz,18,5,bilstm,-20.0,point_threshold,,0.8903720705484417,0.9387976054005859,0.9139438278876558,0.6316654528217656,0.7491412213740458,0.7898854961832061
dst_bz,18,6,bilstm,-20.0,point_threshold,,0.8847962382445141,0.9322873658133773,0.9079211901889828,0.6023125544104645,0.7510973282442748,0.791412213740458
dst_bz,18,1,bilstm_gp,-20.0,probability_threshold,0.45000000000000007,0.9621773575261947,0.9702983055215515,0.9662207679722837,0.8683633417736757,0.7405057251908397,0.7467557251908397
dst_bz,18,2,bilstm_gp,-20.0,probability_threshold,0.45000000000000007,0.933412529698637,0.9589542651593012,0.9460110259172423,0.782789174850645,0.7427480916030534,0.7630725190839694
dst_bz,18,3,bilstm_gp,-20.0,probability_threshold,0.45000000000000007,0.9083231334149326,0.9505571922633534,0.9289603805470363,0.7048953860880822,0.7449427480916031,0.7795801526717557
dst_bz,18,4,bilstm_gp,-20.0,probability_threshold,0.45000000000000007,0.8902291917973462,0.9425889264959448,0.9156611557430442,0.6406857419753057,0.7470896946564886,0.791030534351145
dst_bz,18,5,bilstm_gp,-20.0,probability_threshold,0.45000000000000007,0.8805800907137742,0.9396892115654056,0.9091749337605521,0.605314584055072,0.7491412213740458,0.7994274809160306
dst_bz,18,6,bilstm_gp,-20.0,probability_threshold,0.5,0.8801748209299503,0.9210442736454297,0.900145885712512,0.5720810065087117,0.7510973282442748,0.7859732824427481
dst_bz,18,1,persistence,-50.0,point_threshold,,0.8851424842288449,0.8851424842288449,0.8851424842288449,0.8528745626985632,0.21932251908396946,0.21932251908396946
dst_bz,18,2,persistence,-50.0,point_threshold,,0.814226669567109,0.814226669567109,0.814226669567109,0.7620357510313881,0.21932251908396946,0.21932251908396946
dst_bz,18,3,persistence,-50.0,point_threshold,,0.7635414400696107,0.7635414400696107,0.7635414400696107,0.697111078888898,0.21932251908396946,0.21932251908396946
dst_bz,18,4,persistence,-50.0,point_threshold,,0.7237328692625625,0.7235754675946063,0.7236541598694943,0.6460071084912252,0.2193702290076336,0.21932251908396946
dst_bz,18,5,persistence,-50.0,point_threshold,,0.6908853600174026,0.6904347826086956,0.6906599978253778,0.6037181560814556,0.21946564885496184,0.21932251908396946
dst_bz,18,6,persistence,-50.0,point_threshold,,0.664563845986513,0.6638418079096046,0.6642026307207305,0.5697985993476393,0.21956106870229009,0.21932251908396946
dst_bz,18,1,bilstm,-50.0,point_threshold,,0.977560414269275,0.7391777246030019,0.8418184070357984,0.8170479261782663,0.21932251908396946,0.16583969465648854
dst_bz,18,2,bilstm,-50.0,point_threshold,,0.9404833836858006,0.6771807700674353,0.7874035664600987,0.7547382386811688,0.21932251908396946,0.15791984732824427
dst_bz,18,3,bilstm,-50.0,point_threshold,,0.9157124681933843,0.6262780073961279,0.743831546311846,0.706986664957978,0.21932251908396946,0.15
dst_bz,18,4,bilstm,-50.0,point_threshold,,0.8944756864042342,0.5880817746846455,0.7096181603464112,0.6697371488107032,0.2193702290076336,0.14422709923664123
dst_bz,18,5,bilstm,-50.0,point_threshold,,0.8818980667838313,0.5454347826086956,0.6740094022834117,0.6342847307289339,0.21946564885496184,0.13573473282442747
dst_bz,18,6,bilstm,-50.0,point_threshold,,0.8681647940074907,0.5036940460669275,0.6375137513751375,0.5986611642070502,0.21956106870229009,0.1273854961832061
dst_bz,18,1,bilstm_gp,-50.0,probability_threshold,0.45000000000000007,0.9067927016926797,0.8973243419621493,0.9020336759239012,0.874715602763117,0.21932251908396946,0.2170324427480916
dst_bz,18,2,bilstm_gp,-50.0,probability_threshold,0.4,0.8325703073904512,0.8307591907765934,0.831663763066202,0.7844383020843265,0.21932251908396946,0.21884541984732825
dst_bz,18,3,bilstm_gp,-50.0,probability_threshold,0.5,0.8099056603773584,0.7470089188601262,0.7771868281090868,0.7187343453295766,0.21932251908396946,0.20229007633587787
dst_bz,18,4,bilstm_gp,-50.0,probability_threshold,0.45000000000000007,0.7690875232774674,0.7185732927359721,0.7429727906453789,0.6744822247122182,0.2193702290076336,0.20496183206106872
dst_bz,18,5,bilstm_gp,-50.0,probability_threshold,0.45000000000000007,0.7309245960502693,0.7080434782608696,0.7193021201413428,0.6421100638913232,0.21946564885496184,0.21259541984732824
dst_bz,18,6,bilstm_gp,-50.0,probability_threshold,0.4,0.6736489317134479,0.6988265971316818,0.6860068259385665,0.5957502079828093,0.21956106870229009,0.22776717557251908
dst_bz,24,1,persistence,-20.0,point_threshold,,0.9655285190999476,0.9624437634478712,0.9639836734693877,0.8488563316240413,0.7629589095612377,0.7605213411600835
dst_bz,24,2,persistence,-20.0,point_threshold,,0.9436813186813187,0.9379754242246928,0.9408197202386774,0.7505371107578932,0.7651477464928863,0.7605213411600835
dst_bz,24,3,persistence,-20.0,point_threshold,,0.9297488226059655,0.9214313496693893,0.9255714006641922,0.6848309173155918,0.767386329718436,0.7605213411600835
dst_bz,24,4,persistence,-20.0,point_threshold,,0.918694400837258,0.9078275483162045,0.9132286485256348,0.6308901380558525,0.7696249129439857,0.7605213411600835
dst_bz,24,5,persistence,-20.0,point_threshold,,0.9101255886970173,0.896982980917999,0.9035064935064935,0.5878263223422006,0.771664510993931,0.7605213411600835
dst_bz,24,6,persistence,-20.0,point_threshold,,0.9024725274725275,0.8868106440416506,0.89457304026454,0.5475643649304108,0.7739528405133818,0.7605213411600835
dst_bz,24,1,bilstm,-20.0,point_threshold,,0.9717151454363089,0.9475125513464172,0.959461243892777,0.8367451222383117,0.7629589095612377,0.7439558252910158
dst_bz,24,2,bilstm,-20.0,point_threshold,,0.9536109998665064,0.9288732852220272,0.9410796034647433,0.7605128949136624,0.7651477464928863,0.7452989752263456
dst_bz,24,3,bilstm,-20.0,point_threshold,,0.9403452642804773,0.9145598340464152,0.9272733247888527,0.7022065948616807,0.767386329718436,0.7463436473982689
dst_bz,24,4,bilstm,-20.0,point_threshold,,0.9228562112813825,0.9147437140456338,0.9187820554437447,0.652693790044307,0.7696249129439857,0.7628594169734355
dst_bz,24,5,bilstm,-20.0,point_threshold,,0.9149521687852182,0.9002062919030428,0.907519334503152,0.6061649982368956,0.771664510993931,0.7592279375186548
dst_bz,24,6,bilstm,-20.0,point_threshold,,0.8984861976847729,0.9079573209924154,0.9031969309462916,0.5640865705477626,0.7739528405133818,0.7821112327131629
dst_bz,24,1,bilstm_gp,-20.0,probability_threshold,0.45000000000000007,0.9595647414847724,0.971702418986764,0.9655954386419593,0.8521736528935377,0.7629589095612377,0.772609690578052
dst_bz,24,2,bilstm_gp,-20.0,probability_threshold,0.45000000000000007,0.926659125188537,0.9586502828164619,0.9423832806058863,0.7424863609335295,0.7651477464928863,0.7915630285543727
dst_bz,24,3,bilstm_gp,-20.0,probability_threshold,0.45000000000000007,0.9142301417994729,0.9445740956826137,0.9291544445861497,0.6799743883199718,0.767386329718436,0.7928564321958014
dst_bz,24,4,bilstm_gp,-20.0,probability_threshold,0.45000000000000007,0.8934136839542245,0.9486781720638614,0.9202169347001473,0.6216511013842592,0.7696249129439857,0.8172321162073426
dst_bz,24,5,bilstm_gp,-20.0,probability_threshold,0.5,0.8960417572857764,0.9296028880866426,0.9125138427464009,0.5936636291885588,0.771664510993931,0.8005671077504726
dst_bz,24,6,bilstm_gp,-20.0,probability_threshold,0.5,0.888425187185467,0.9304537858336547,0.9089539118422705,0.5661209095625743,0.7739528405133818,0.8105661128245946
dst_bz,24,1,persistence,-50.0,point_threshold,,0.8851424842288449,0.8851424842288449,0.8851424842288449,0.851088953109851,0.2286837130633768,0.2286837130633768
dst_bz,24,2,persistence,-50.0,point_threshold,,0.814226669567109,0.814226669567109,0.814226669567109,0.7591476627950999,0.2286837130633768,0.2286837130633768
dst_bz,24,3,persistence,-50.0,point_threshold,,0.7635414400696107,0.7635414400696107,0.7635414400696107,0.6934350227848638,0.2286837130633768,0.2286837130633768
dst_bz,24,4,persistence,-50.0,point_threshold,,0.7237328692625625,0.7235754675946063,0.7236541598694943,0.6417102157493798,0.22873345935727787,0.2286837130633768
dst_bz,24,5,persistence,-50.0,point_threshold,,0.6908853600174026,0.6904347826086956,0.6906599978253778,0.5989065890292207,0.2288329519450801,0.2286837130633768
dst_bz,24,6,persistence,-50.0,point_threshold,,0.664563845986513,0.6638418079096046,0.6642026307207305,0.5645737170299999,0.2289324445328823,0.2286837130633768
dst_bz,24,1,bilstm,-50.0,point_threshold,,0.9503105590062112,0.7987818142266696,0.8679825079777804,0.8381680524417591,0.2286837130633768,0.19221967963386727
dst_bz,24,2,bilstm,-50.0,point_threshold,,0.9240434037692747,0.703937350445943,0.7991110013581924,0.7604657689439539,0.2286837130633768,0.1742115212416675
dst_bz,24,3,bilstm,-50.0,point_threshold,,0.8775956284153006,0.6987165542745268,0.7780065399055347,0.7289791400300116,0.2286837130633768,0.182071435678042
dst_bz,24,4,bilstm,-50.0,point_threshold,,0.8774075206358911,0.6241844280121792,0.7294446562460287,0.6808395083296253,0.22873345935727787,0.1627201273505124
dst_bz,24,5,bilstm,-50.0,point_threshold,,0.8635317329825716,0.5708695652173913,0.6873445884046591,0.6378816652989454,0.2288329519450801,0.1512784797532584
dst_bz,24,6,bilstm,-50.0,point_threshold,,0.842411784857828,0.5343328987396784,0.6539024065948678,0.6018213724477861,0.2289324445328823,0.14520943189732366
dst_bz,24,1,bilstm_gp,-50.0,probability_threshold,0.5,0.9094036697247706,0.8625190341527083,0.8853410740203193,0.8529977882748847,0.2286837130633768,0.21689384140881504
dst_bz,24,2,bilstm_gp,-50.0,probability_threshold,0.45000000000000007,0.858411214953271,0.7992168805742875,0.8277571251548946,0.779848042614525,0.2286837130633768,0.2129141378967267
dst_bz,24,3,bilstm_gp,-50.0,probability_threshold,0.45000000000000007,0.7869142351900973,0.774418098760061,0.7806161605087162,0.7162838485717259,0.2286837130633768,0.22505223360859616
dst_bz,24,4,bilstm_gp,-50.0,probability_threshold,0.4,0.7192800992966487,0.756198347107438,0.7372773536895675,0.6571665627785371,0.22873345935727787,0.2404735847179385
dst_bz,24,5,bilstm_gp,-50.0,probability_threshold,0.4,0.709636517328825,0.73,0.7196742391770253,0.6350670792484566,0.2288329519450801,0.23539946274002588
dst_bz,24,6,bilstm_gp,-50.0,probability_threshold,0.45000000000000007,0.7345767575322812,0.6675358539765319,0.6994535519125683,0.6168303326587717,0.2289324445328823,0.20803900109441847
dst_bz_v,6,1,persistence,-20.0,point_threshold,,0.9625529761528243,0.9591553734635991,0.9608511713076971,0.8702105345275161,0.6996383841947433,0.697168812841771
dst_bz_v,6,2,persistence,-20.0,point_threshold,,0.9385792902776899,0.9326796153120875,0.9356201525947412,0.7858956950613298,0.7015787616863645,0.697168812841771
dst_bz_v,6,3,persistence,-20.0,point_threshold,,0.9233348092858499,0.9150003134206732,0.9191486682198854,0.7302827378645798,0.7035191391779856,0.697168812841771
dst_bz_v,6,4,persistence,-20.0,point_threshold,,0.9115693592257574,0.9005749281339832,0.9060387916129641,0.6854704892743958,0.7056800141118363,0.697168812841771
dst_bz_v,6,5,persistence,-20.0,point_threshold,,0.9023341134796635,0.8889512058328659,0.8955926670015067,0.6494001356184022,0.7076644910919033,0.697168812841771
dst_bz_v,6,6,persistence,-20.0,point_threshold,,0.893857929027769,0.878083638849189,0.8859005704971475,0.6156182157273383,0.7096930675604163,0.697168812841771
dst_bz_v,6,1,bilstm,-20.0,point_threshold,,0.943302407373719,0.98052316419792,0.9615527259240945,0.8679326468911356,0.6996383841947433,0.727244663961898
dst_bz_v,6,2,bilstm,-20.0,point_threshold,,0.9266211604095563,0.9556854610597775,0.9409289228579385,0.7957462437690419,0.7015787616863645,0.7235844064208855
dst_bz_v,6,3,bilstm,-20.0,point_threshold,,0.9101963883991001,0.9383814956434526,0.924074074074074,0.7353440175293218,0.7035191391779856,0.7253042864702769
dst_bz_v,6,4,bilstm,-20.0,point_threshold,,0.898978296354513,0.9292588426446694,0.9138678056724948,0.6964465736060855,0.7056800141118363,0.7294496383841947
dst_bz_v,6,5,bilstm,-20.0,point_threshold,,0.884578772013327,0.9265283230510376,0.905067721807944,0.6582962349097892,0.7076644910919033,0.7412242017992591
dst_bz_v,6,6,bilstm,-20.0,point_threshold,,0.8759992893942086,0.9192195364444168,0.8970891449363251,0.6257761245607899,0.7096930675604163,0.7447080613864879
dst_bz_v,6,1,bilstm_gp,-20.0,probability_threshold,0.45000000000000007,0.9604498594189316,0.9689253072801765,0.9646689676812049,0.8812518353926556,0.6996383841947433,0.7058123125771741
dst_bz_v,6,2,bilstm_gp,-20.0,probability_threshold,0.5,0.9370289629398941,0.9456282607329185,0.9413089725941685,0.8012893050331251,0.7015787616863645,0.7080172869994708
dst_bz_v,6,3,bilstm_gp,-20.0,probability_threshold,0.45000000000000007,0.9128180098834726,0.9378800225662884,0.9251793222854316,0.7400834275314409,0.7035191391779856,0.7228347151173047
dst_bz_v,6,4,bilstm_gp,-20.0,probability_threshold,0.5,0.8952427008402345,0.9255093113360829,0.9101244430788139,0.6831400105667071,0.7056800141118363,0.7295378373610866
dst_bz_v,6,5,bilstm_gp,-20.0,probability_threshold,0.55,0.8832255384797959,0.9275877110986477,0.9048632218844985,0.6566574729144579,0.7076644910919033,0.7432086787793262
dst_bz_v,6,6,bilstm_gp,-20.0,probability_threshold,0.5,0.8736312518496596,0.9171689554464674,0.8948708621316842,0.6174385612115968,0.7096930675604163,0.7450608572940554
dst_bz_v,6,1,persistence,-50.0,point_threshold,,0.8851424842288449,0.8851424842288449,0.8851424842288449,0.8559373290764581,0.2027253483859587,0.2027253483859587
dst_bz_v,6,2,persistence,-50.0,point_threshold,,0.814226669567109,0.814226669567109,0.814226669567109,0.7669895436198774,0.2027253483859587,0.2027253483859587
dst_bz_v,6,3,persistence,-50.0,point_threshold,,0.7635414400696107,0.7635414400696107,0.7635414400696107,0.7034164331555114,0.2027253483859587,0.2027253483859587
dst_bz_v,6,4,persistence,-50.0,point_threshold,,0.7237328692625625,0.7235754675946063,0.7236541598694943,0.6533773188013356,0.20276944787440465,0.2027253483859587
dst_bz_v,6,5,persistence,-50.0,point_threshold,,0.6908853600174026,0.6904347826086956,0.6906599978253778,0.6119710815444991,0.20285764685129654,0.2027253483859587
dst_bz_v,6,6,persistence,-50.0,point_threshold,,0.664563845986513,0.6638418079096046,0.6642026307207305,0.578760371671745,0.2029458458281884,0.2027253483859587
dst_bz_v,6,1,bilstm,-50.0,point_threshold,,0.9708933717579251,0.7328692625625408,0.8352547415396058,0.8121654192665968,0.2027253483859587,0.15302522490739107
dst_bz_v,6,2,bilstm,-50.0,point_threshold,,0.9323485967503693,0.6865346965412226,0.7907792533199699,0.7602258340579814,0.2027253483859587,0.14927676838948667
dst_bz_v,6,3,bilstm,-50.0,point_threshold,,0.9111610006414368,0.6180117467913857,0.7364873622812702,0.703587698513545,0.2027253483859587,0.1375022049744223
dst_bz_v,6,4,bilstm,-50.0,point_threshold,,0.889967637540453,0.5980861244019139,0.7154006243496358,0.6788833307692663,0.20276944787440465,0.13626741929793615
dst_bz_v,6,5,bilstm,-50.0,point_threshold,,0.8755663994423144,0.5460869565217391,0.6726469406881778,0.6366773028210877,0.20285764685129654,0.12652143235138472
dst_bz_v,6,6,bilstm,-50.0,point_threshold,,0.8672137262215591,0.5052151238591917,0.638473156666209,0.6047793560933087,0.2029458458281884,0.11823072852354913
dst_bz_v,6,1,bilstm_gp,-50.0,probability_threshold,0.4,0.8972288893737727,0.8944964107026322,0.8958605664488017,0.8694329505682534,0.2027253483859587,0.20210795554771566
dst_bz_v,6,2,bilstm_gp,-50.0,probability_threshold,0.45000000000000007,0.8624200805114848,0.7922558190123994,0.8258503401360544,0.7849862688103583,0.2027253483859587,0.1862321397071794
dst_bz_v,6,3,bilstm_gp,-50.0,probability_threshold,0.45000000000000007,0.8195524146054182,0.7567979116815314,0.786926034833748,0.7363254542480815,0.2027253483859587,0.18720232845298995
dst_bz_v,6,4,bilstm_gp,-50.0,probability_threshold,0.4,0.7202283849918434,0.7681600695954763,0.7434224373816039,0.6760670103112479,0.20276944787440465,0.21626389133886048
dst_bz_v,6,5,bilstm_gp,-50.0,probability_threshold,0.4,0.735973597359736,0.7271739130434782,0.7315472936030618,0.6637646316348286,0.20285764685129654,0.20043217498677016
dst_bz_v,6,6,bilstm_gp,-50.0,probability_threshold,0.45000000000000007,0.6819735155916276,0.6938287700999566,0.6878500646273158,0.6075449968621967,0.2029458458281884,0.2064738049038631
dst_bz_v,12,1,persistence,-20.0,point_threshold,,0.963550326128661,0.9604793472718001,0.9620123858775458,0.8653577349253272,0.7190393253277111,0.716747639563663
dst_bz_v,12,2,persistence,-20.0,point_threshold,,0.9402736922880164,0.9346554792779049,0.9374561683136755,0.7775511097736828,0.7210560088000734,0.716747639563663
dst_bz_v,12,3,persistence,-20.0,point_threshold,,0.9256298759432152,0.9171260216688842,0.921358327233379,0.7191791733708776,0.7233935282794023,0.716747639563663
dst_bz_v,12,4,persistence,-20.0,point_threshold,,0.9141833994116895,0.9029813036887316,0.9085478233238005,0.6721834538331649,0.7256393803281694,0.716747639563663
dst_bz_v,12,5,persistence,-20.0,point_threshold,,0.9053587415270495,0.8917863441672965,0.8985212921241353,0.6349922246440247,0.7276560638005317,0.716747639563663
dst_bz_v,12,6,persistence,-20.0,point_threshold,,0.8973653919938611,0.8813591257379726,0.8892902408111534,0.6003580022132208,0.7297644147034559,0.716747639563663
dst_bz_v,12,1,bilstm,-20.0,point_threshold,,0.9397184822521419,0.9787735849056604,0.9588485075558886,0.8479636549067218,0.7190393253277111,0.7489229076908974
dst_bz_v,12,2,bilstm,-20.0,point_threshold,,0.9238288454444854,0.9551868802440885,0.9392462028876805,0.7738956872975293,0.7210560088000734,0.7455312127601064
dst_bz_v,12,3,bilstm,-20.0,point_threshold,,0.9079582239052097,0.941899512133308,0.9246174897375296,0.7154764469479633,0.7233935282794023,0.7504354202951691
dst_bz_v,12,4,bilstm,-20.0,point_threshold,,0.9018329437815229,0.9260990399191511,0.9138049236522281,0.6752504674261703,0.7256393803281694,0.7451645430378586
dst_bz_v,12,5,bilstm,-20.0,point_threshold,,0.8930056248471508,0.9200050390526581,0.9063042938694466,0.6427525642602984,0.7276560638005317,0.7496562471353928
dst_bz_v,12,6,bilstm,-20.0,point_threshold,,0.8883718082175005,0.9111920612988318,0.8996372430471584,0.6161688338383673,0.7297644147034559,0.7485104042533688
dst_bz_v,12,1,bilstm_gp,-20.0,probability_threshold,0.5,0.9693358242607744,0.959140744518103,0.9642113357470122,0.8744714724624416,0.7190393253277111,0.7114767623063526
dst_bz_v,12,2,bilstm_gp,-20.0,probability_threshold,0.55,0.9338249196445453,0.9418382913806255,0.9378144878002469,0.774671539360984,0.7210560088000734,0.727243560363003
dst_bz_v,12,3,bilstm_gp,-20.0,probability_threshold,0.45000000000000007,0.9084327086882453,0.9460178673256034,0.9268444085787889,0.7228887027465839,0.7233935282794023,0.7533229443578696
dst_bz_v,12,4,bilstm_gp,-20.0,probability_threshold,0.4,0.882046783625731,0.9526907529055079,0.9160087452933318,0.6673521797719723,0.7256393803281694,0.7837565313044276
dst_bz_v,12,5,bilstm_gp,-20.0,probability_threshold,0.55,0.8975310933729348,0.9136432350718064,0.9055154977057777,0.6449835520366808,0.7276560638005317,0.7407186726556054
dst_bz_v,12,6,bilstm_gp,-20.0,probability_threshold,0.45000000000000007,0.8564376327420928,0.9370682075116191,0.8949404672644933,0.5677805372068975,0.7297644147034559,0.7984691539096159
dst_bz_v,12,1,persistence,-50.0,point_threshold,,0.8851424842288449,0.8851424842288449,0.8851424842288449,0.8544822438246872,0.21069758914657621,0.21069758914657621
dst_bz_v,12,2,persistence,-50.0,point_threshold,,0.814226669567109,0.814226669567109,0.814226669567109,0.7646360534588691,0.21069758914657621,0.21069758914657621
dst_bz_v,12,3,persistence,-50.0,point_threshold,,0.7635414400696107,0.7635414400696107,0.7635414400696107,0.7004208315102936,0.21069758914657621,0.21069758914657621
dst_bz_v,12,4,persistence,-50.0,point_threshold,,0.7237328692625625,0.7235754675946063,0.7236541598694943,0.6498758215678837,0.21074342286185718,0.21069758914657621
dst_bz_v,12,5,persistence,-50.0,point_threshold,,0.6908853600174026,0.6904347826086956,0.6906599978253778,0.6080502290195283,0.2108350902924191,0.21069758914657621
dst_bz_v,12,6,persistence,-50.0,point_threshold,,0.664563845986513,0.6638418079096046,0.6642026307207305,0.5745027686150002,0.21092675772298103,0.21069758914657621
dst_bz_v,12,1,bilstm,-50.0,point_threshold,,0.9501599147121536,0.7755057646291059,0.8539944903581267,0.8263517789316851,0.21069758914657621,0.17196809973416446
dst_bz_v,12,2,bilstm,-50.0,point_threshold,,0.9020549773151855,0.7352621274744399,0.8101629913710451,0.7719725610097498,0.21069758914657621,0.17173893115775965
dst_bz_v,12,3,bilstm,-50.0,point_threshold,,0.8752127056154283,0.6713073743745921,0.7598178013049366,0.7154246909533447,0.21069758914657621,0.16160968008066734
dst_bz_v,12,4,bilstm,-50.0,point_threshold,,0.8515942028985507,0.6389734667246629,0.7301192842942346,0.6810036032994804,0.21074342286185718,0.15812631771931432
dst_bz_v,12,5,bilstm,-50.0,point_threshold,,0.8418647166361974,0.6006521739130435,0.7010910936310581,0.6509620899404744,0.2108350902924191,0.15042625355211292
dst_bz_v,12,6,bilstm,-50.0,point_threshold,,0.824510747513635,0.5584528465884399,0.6658893639072418,0.6140242288543958,0.21092675772298103,0.14286369053075443
dst_bz_v,12,1,bilstm_gp,-50.0,probability_threshold,0.4,0.9036355672360928,0.8975418751359582,0.9005784131834552,0.8741603330367285,0.21069758914657621,0.20927674397286644
dst_bz_v,12,2,bilstm_gp,-50.0,probability_threshold,0.45000000000000007,0.8686964795432921,0.7944311507504894,0.8299056925349392,0.7882718561023969,0.21069758914657621,0.1926849390411587
dst_bz_v,12,3,bilstm_gp,-50.0,probability_threshold,0.5,0.8109360518999074,0.7613661083315205,0.7853696847301694,0.7309189162567312,0.21069758914657621,0.19781831515262627
dst_bz_v,12,4,bilstm_gp,-50.0,probability_threshold,0.4,0.735494880546075,0.7498912570682905,0.7426233038983416,0.6731047480769325,0.21074342286185718,0.21486845723714365
dst_bz_v,12,5,bilstm_gp,-50.0,probability_threshold,0.45000000000000007,0.7596404069079725,0.6980434782608695,0.727540500736377,0.6595289132536162,0.2108350902924191,0.19373911449262077
dst_bz_v,12,6,bilstm_gp,-50.0,probability_threshold,0.4,0.6741549876339654,0.7107779226423294,0.6919822297440237,0.6072131751390084,0.21092675772298103,0.2223851865432212
dst_bz_v,18,1,persistence,-20.0,point_threshold,,0.964763690437706,0.9614071258295213,0.9630824835420163,0.8584559598321757,0.7405057251908397,0.7379293893129771
dst_bz_v,18,2,persistence,-20.0,point_threshold,,0.9423288291200621,0.9362153134635149,0.9392621234090542,0.7661552669501391,0.7427480916030534,0.7379293893129771
dst_bz_v,18,3,persistence,-20.0,point_threshold,,0.9277817288420508,0.9190470090944025,0.923393713200991,0.703860750844398,0.7449427480916031,0.7379293893129771
dst_bz_v,18,4,persistence,-20.0,point_threshold,,0.9164673175147088,0.9052302190433617,0.9108141103900276,0.653859805330689,0.7470896946564886,0.7379293893129771
dst_bz_v,18,5,persistence,-20.0,point_threshold,,0.9078683649059287,0.8942809833142275,0.9010234527896307,0.6144024585758882,0.7491412213740458,0.7379293893129771
dst_bz_v,18,6,persistence,-20.0,point_threshold,,0.899980603866296,0.8842025026996125,0.8920217878884973,0.5778049668386837,0.7510973282442748,0.7379293893129771
dst_bz_v,18,1,bilstm,-20.0,point_threshold,,0.9291286206688033,0.9899491012177051,0.9585750826626739,0.8320246636068974,0.7405057251908397,0.7889790076335877
dst_bz_v,18,2,bilstm,-20.0,point_threshold,,0.9182214683789678,0.9736639260020555,0.9451303155006858,0.7730023442752372,0.7427480916030534,0.7875954198473283
dst_bz_v,18,3,bilstm,-20.0,point_threshold,,0.907382631963026,0.9556167541949533,0.9308752885395221,0.7111138730894337,0.7449427480916031,0.7845419847328244
dst_bz_v,18,4,bilstm,-20.0,point_threshold,,0.8950576308007966,0.9471869212593397,0.9203847347192057,0.6614386197512788,0.7470896946564886,0.7906011450381679
dst_bz_v,18,5,bilstm,-20.0,point_threshold,,0.8868479500570262,0.9408992485033754,0.9130743796545224,0.6251703970229364,0.7491412213740458,0.7947996183206106
dst_bz_v,18,6,bilstm,-20.0,point_threshold,,0.8806889540099276,0.9353998602553516,0.9072203055692459,0.5952692732743787,0.7510973282442748,0.7977576335877863
dst_bz_v,18,1,bilstm_gp,-20.0,probability_threshold,0.5,0.9671349400695965,0.9669480059274531,0.9670414639646896,0.8730244338553597,0.7405057251908397,0.7403625954198473
dst_bz_v,18,2,bilstm_gp,-20.0,probability_threshold,0.45000000000000007,0.9298191085970038,0.9608170606372045,0.9450639709366608,0.7775812101719398,0.7427480916030534,0.7675095419847329
dst_bz_v,18,3,bilstm_gp,-20.0,probability_threshold,0.45000000000000007,0.9131131377865418,0.949020110157551,0.93072043213366,0.7144623959895974,0.7449427480916031,0.774236641221374
dst_bz_v,18,4,bilstm_gp,-20.0,probability_threshold,0.45000000000000007,0.8952882751937985,0.944057730378696,0.9190264523950141,0.6568888024076576,0.7470896946564886,0.7877862595419848
dst_bz_v,18,5,bilstm_gp,-20.0,probability_threshold,0.45000000000000007,0.8843861740166865,0.9451025347089542,0.9137368388646019,0.6250753956300147,0.7491412213740458,0.8005725190839694
dst_bz_v,18,6,bilstm_gp,-20.0,probability_threshold,0.5,0.8808252427184466,0.9220605983611764,0.9009713558638239,0.5754533799662089,0.7510973282442748,0.7862595419847328
dst_bz_v,18,1,persistence,-50.0,point_threshold,,0.8851424842288449,0.8851424842288449,0.8851424842288449,0.8528745626985632,0.21932251908396946,0.21932251908396946
dst_bz_v,18,2,persistence,-50.0,point_threshold,,0.814226669567109,0.814226669567109,0.814226669567109,0.7620357510313881,0.21932251908396946,0.21932251908396946
dst_bz_v,18,3,persistence,-50.0,point_threshold,,0.7635414400696107,0.7635414400696107,0.7635414400696107,0.697111078888898,0.21932251908396946,0.21932251908396946
dst_bz_v,18,4,persistence,-50.0,point_threshold,,0.7237328692625625,0.7235754675946063,0.7236541598694943,0.6460071084912252,0.2193702290076336,0.21932251908396946
dst_bz_v,18,5,persistence,-50.0,point_threshold,,0.6908853600174026,0.6904347826086956,0.6906599978253778,0.6037181560814556,0.21946564885496184,0.21932251908396946
dst_bz_v,18,6,persistence,-50.0,point_threshold,,0.664563845986513,0.6638418079096046,0.6642026307207305,0.5697985993476393,0.21956106870229009,0.21932251908396946
dst_bz_v,18,1,bilstm,-50.0,point_threshold,,0.9692019282271023,0.7872525560147923,0.8688032649141759,0.8437405566344387,0.21932251908396946,0.17814885496183205
dst_bz_v,18,2,bilstm,-50.0,point_threshold,,0.9302325581395349,0.7135088100935393,0.8075834051458821,0.7726447207175703,0.21932251908396946,0.16822519083969464
dst_bz_v,18,3,bilstm,-50.0,point_threshold,,0.9053769900871133,0.6556449858603437,0.7605349482715115,0.7204429320987388,0.21932251908396946,0.1588263358778626
dst_bz_v,18,4,bilstm,-50.0,point_threshold,,0.8899809765377299,0.6104828186167899,0.7242002063983488,0.6820351697569123,0.2193702290076336,0.1504770992366412
dst_bz_v,18,5,bilstm,-50.0,point_threshold,,0.87143325680551,0.5776086956521739,0.6947313374297294,0.6499284183009654,0.21946564885496184,0.1454675572519084
dst_bz_v,18,6,bilstm,-50.0,point_threshold,,0.8619246861924686,0.5371577574967406,0.661847389558233,0.6178457851899629,0.21956106870229009,0.1368320610687023
dst_bz_v,18,1,bilstm_gp,-50.0,probability_threshold,0.4,0.8922295151386831,0.9166847944311507,0.9042918454935622,0.8770688407218045,0.21932251908396946,0.22533396946564885
dst_bz_v,18,2,bilstm_gp,-50.0,probability_threshold,0.4,0.8371080139372822,0.8361975201218186,0.8366525193165741,0.7907940626360825,0.21932251908396946,0.21908396946564884
dst_bz_v,18,3,bilstm_gp,-50.0,probability_threshold,0.45000000000000007,0.7789152690045742,0.777898629541005,0.7784066173269482,0.716204775414358,0.21932251908396946,0.21903625954198475
dst_bz_v,18,4,bilstm_gp,-50.0,probability_threshold,0.45000000000000007,0.7745143385753932,0.7283601565898217,0.7507285362026451,0.6839316841118228,0.2193702290076336,0.2062977099236641
dst_bz_v,18,5,bilstm_gp,-50.0,probability_threshold,0.45000000000000007,0.7227787456445993,0.7215217391304348,0.7221496953872933,0.6441130165861647,0.21946564885496184,0.21908396946564884
dst_bz_v,18,6,bilstm_gp,-50.0,probability_threshold,0.4,0.6895810955961332,0.6975228161668839,0.6935292211299557,0.6066925658435928,0.21956106870229009,0.22208969465648856
dst_bz_v,24,1,persistence,-20.0,point_threshold,,0.9655285190999476,0.9624437634478712,0.9639836734693877,0.8488563316240413,0.7629589095612377,0.7605213411600835
dst_bz_v,24,2,persistence,-20.0,point_threshold,,0.9436813186813187,0.9379754242246928,0.9408197202386774,0.7505371107578932,0.7651477464928863,0.7605213411600835
dst_bz_v,24,3,persistence,-20.0,point_threshold,,0.9297488226059655,0.9214313496693893,0.9255714006641922,0.6848309173155918,0.767386329718436,0.7605213411600835
dst_bz_v,24,4,persistence,-20.0,point_threshold,,0.918694400837258,0.9078275483162045,0.9132286485256348,0.6308901380558525,0.7696249129439857,0.7605213411600835
dst_bz_v,24,5,persistence,-20.0,point_threshold,,0.9101255886970173,0.896982980917999,0.9035064935064935,0.5878263223422006,0.771664510993931,0.7605213411600835
dst_bz_v,24,6,persistence,-20.0,point_threshold,,0.9024725274725275,0.8868106440416506,0.89457304026454,0.5475643649304108,0.7739528405133818,0.7605213411600835
dst_bz_v,24,1,bilstm,-20.0,point_threshold,,0.9352584714321048,0.9861772184912304,0.9600431622710971,0.8218780306705599,0.7629589095612377,0.8044970649686598
dst_bz_v,24,2,bilstm,-20.0,point_threshold,,0.9222983398136148,0.9715883232559651,0.9463019250253293,0.7557307711739972,0.7651477464928863,0.8060392000795941
dst_bz_v,24,3,bilstm,-20.0,point_threshold,,0.9052109485028473,0.9583171269285622,0.9310073369650785,0.6788600894404867,0.767386329718436,0.8124067256989355
dst_bz_v,24,4,bilstm,-20.0,point_threshold,,0.897991770558251,0.945123133604809,0.9209548403350759,0.6294887562473696,0.7696249129439857,0.8100189035916824
dst_bz_v,24,5,bilstm,-20.0,point_threshold,,0.8915042294961383,0.9375966993295514,0.9139697102997549,0.5924818515191295,0.771664510993931,0.8115610387026166
dst_bz_v,24,6,bilstm,-20.0,point_threshold,,0.8791938209027275,0.9364956935338733,0.9069405539993776,0.5451653169460277,0.7739528405133818,0.8243955825291016
dst_bz_v,24,1,bilstm_gp,-20.0,probability_threshold,0.45000000000000007,0.9656268240482522,0.9707895937927887,0.9682013265704252,0.8647461381900599,0.7629589095612377,0.7670381056611283
dst_bz_v,24,2,bilstm_gp,-20.0,probability_threshold,0.6,0.9461423658425799,0.9479877771276249,0.9470641725123409,0.7738884060486257,0.7651477464928863,0.7666401353099194
dst_bz_v,24,3,bilstm_gp,-20.0,probability_threshold,0.45000000000000007,0.9169401666245898,0.9417865940619733,0.9291973137192197,0.6828141333250569,0.767386329718436,0.7881802805690976
dst_bz_v,24,4,bilstm_gp,-20.0,probability_threshold,0.45000000000000007,0.8930076335877862,0.9451877706677009,0.918357093512529,0.6141974166550432,0.7696249129439857,0.814595562630584
dst_bz_v,24,5,bilstm_gp,-20.0,probability_threshold,0.55,0.8920761670761671,0.9362429087158329,0.9136260694514343,0.5920377729322795,0.771664510993931,0.8098696647099791
dst_bz_v,24,6,bilstm_gp,-20.0,probability_threshold,0.5,0.8880432113920943,0.9299395809229978,0.9085086342229199,0.5640491232595964,0.7739528405133818,0.8104666202367924
dst_bz_v,24,1,persistence,-50.0,point_threshold,,0.8851424842288449,0.8851424842288449,0.8851424842288449,0.851088953109851,0.2286837130633768,0.2286837130633768
dst_bz_v,24,2,persistence,-50.0,point_threshold,,0.814226669567109,0.814226669567109,0.814226669567109,0.7591476627950999,0.2286837130633768,0.2286837130633768
dst_bz_v,24,3,persistence,-50.0,point_threshold,,0.7635414400696107,0.7635414400696107,0.7635414400696107,0.6934350227848638,0.2286837130633768,0.2286837130633768
dst_bz_v,24,4,persistence,-50.0,point_threshold,,0.7237328692625625,0.7235754675946063,0.7236541598694943,0.6417102157493798,0.22873345935727787,0.2286837130633768
dst_bz_v,24,5,persistence,-50.0,point_threshold,,0.6908853600174026,0.6904347826086956,0.6906599978253778,0.5989065890292207,0.2288329519450801,0.2286837130633768
dst_bz_v,24,6,persistence,-50.0,point_threshold,,0.664563845986513,0.6638418079096046,0.6642026307207305,0.5645737170299999,0.2289324445328823,0.2286837130633768
dst_bz_v,24,1,bilstm,-50.0,point_threshold,,0.9652103559870551,0.778551229062432,0.8618904274533413,0.8340306105213323,0.2286837130633768,0.18445925778529498
dst_bz_v,24,2,bilstm,-50.0,point_threshold,,0.9189631650750341,0.7326517293887318,0.8152989590898088,0.7760984017218906,0.2286837130633768,0.1823201671475475
dst_bz_v,24,3,bilstm,-50.0,point_threshold,,0.8981319322825453,0.6693495758103111,0.7670447463542316,0.722488366069045,0.2286837130633768,0.17043080290518356
dst_bz_v,24,4,bilstm,-50.0,point_threshold,,0.8799261083743842,0.6215745976511526,0.7285240887076218,0.6806109159082646,0.22873345935727787,0.161575962590787
dst_bz_v,24,5,bilstm,-50.0,point_threshold,,0.8598042311335649,0.5919565217391304,0.7011716235354706,0.6495424050451246,0.2288329519450801,0.15754651278479753
dst_bz_v,24,6,bilstm,-50.0,point_threshold,,0.8592045054558254,0.5304215558452846,0.6559183125083972,0.6085984036488034,0.2289324445328823,0.14132922097303752
dst_bz_v,24,1,bilstm_gp,-50.0,probability_threshold,0.4,0.8944099378881988,0.9084185338264086,0.9013598100582776,0.8718636187308495,0.2286837130633768,0.2322654462242563
dst_bz_v,24,2,bilstm_gp,-50.0,probability_threshold,0.4,0.8477100933748333,0.8294539917337393,0.8384826827927433,0.7913471515292535,0.2286837130633768,0.22375882996716745
dst_bz_v,24,3,bilstm_gp,-50.0,probability_threshold,0.45000000000000007,0.7986264953478068,0.7842070915814662,0.7913511140379761,0.7302691736509722,0.2286837130633768,0.22455477066958512
dst_bz_v,24,4,bilstm_gp,-50.0,probability_threshold,0.45000000000000007,0.7488120950323974,0.7540234884732493,0.7514087559601214,0.677359437664152,0.22873345935727787,0.23032534076211322
dst_bz_v,24,5,bilstm_gp,-50.0,probability_threshold,0.4,0.7373029772329247,0.7321739130434782,0.7347294938917975,0.6563768264163535,0.2288329519450801,0.22724107054024476
dst_bz_v,24,6,bilstm_gp,-50.0,probability_threshold,0.45000000000000007,0.7248168498168498,0.6879617557583659,0.7059085841694538,0.6218738643882382,0.2289324445328823,0.21729181176002388
